{
  "id": "ifs-zoom-13",
  "camera": {
    "rotation": [
      0.5750691294670105,
      0.40963393449783325,
      -0.5938039422035217,
      0.3859853744506836
    ],
    "position": [
      -0.11245779485240348,
      0.004169233649743198,
      0.006857035097576514
    ]
  },
  "view": {
    "0": -0.04080616310238838,
    "1": 0.012736386619508266,
    "2": -0.9991820454597473,
    "3": 0,
    "4": 0.929534912109375,
    "5": -0.36661526560783386,
    "6": -0.04254794493317604,
    "7": 0,
    "8": -0.3667312264442444,
    "9": -0.9304210543632507,
    "10": 0.0029910721350461245,
    "11": 0,
    "12": -0.005949730519205332,
    "13": 0.009340740740299225,
    "14": -0.11220893263816833,
    "15": 1
  },
  "cameraMatrix": {
    "0": -0.04080616310238838,
    "1": 0.012736386619508266,
    "2": -0.9991820454597473,
    "3": 0,
    "4": 0.929534912109375,
    "5": -0.36661526560783386,
    "6": -0.04254794493317604,
    "7": 0,
    "8": -0.3667312264442444,
    "9": -0.9304210543632507,
    "10": 0.0029910721350461245,
    "11": 0,
    "12": -0.005949730519205332,
    "13": 0.009340740740299225,
    "14": -0.11220893263816833,
    "15": 1
  },
  "cameraPosition": [
    -0.11245779485240348,
    0.004169233649743198,
    0.006857035097576514
  ],
  "timer": {
    "running": true,
    "elapsed": 1245084.4000000358
  },
  "accumulateControl": {
    "accumulate": true
  },
  "mouse": [
    423,
    383,
    false,
    0
  ],
  "r": [
    481,
    289
  ],
  "controls": {
    "rotX": {
      "type": "range",
      "controller": 11,
      "step": 0.001,
      "min": 0,
      "max": 1,
      "loop": true,
      "value": 0.9520000000000001
    },
    "rotY": {
      "type": "range",
      "controller": 12,
      "step": 0.001,
      "min": 0,
      "max": 1,
      "loop": true,
      "value": 0.9520000000000001
    },
    "rotZ": {
      "type": "range",
      "controller": 13,
      "step": 0.001,
      "min": 0,
      "max": 1,
      "loop": true,
      "value": 0.961
    },
    "scale": {
      "type": "range",
      "controller": 14,
      "step": 0.0005,
      "min": 0.3,
      "max": 0.9,
      "value": 0.5545
    },
    "offsetX": {
      "type": "range",
      "controller": 15,
      "step": 0.001,
      "min": -2,
      "max": 2,
      "value": 0.386
    },
    "offsetY": {
      "type": "range",
      "controller": 16,
      "step": 0.001,
      "min": -2,
      "max": 2,
      "value": 0.973
    },
    "offsetZ": {
      "type": "range",
      "controller": 17,
      "step": 0.001,
      "min": -2,
      "max": 2,
      "value": 0.651
    }
  },
  "capture": {
    "fps": 30,
    "seconds": 12,
    "width": 2160,
    "height": 2700,
    "startFrame": 276
  }
}