{
  "id": "ifs-zoom-4",
  "camera": {
    "rotation": [
      0.9089220762252808,
      -0.3639538586139679,
      0.10923054069280624,
      0.17191742360591888
    ],
    "position": [
      0.021797692342929054,
      0.016826438612777217,
      -0.04923897495441132
    ]
  },
  "view": {
    "0": 0.7112125754356384,
    "1": -0.6240541338920593,
    "2": 0.3237041234970093,
    "3": 0,
    "4": -0.6991686820983887,
    "5": -0.6761413216590881,
    "6": 0.23300932347774506,
    "7": 0,
    "8": 0.0734240785241127,
    "9": -0.3920288383960724,
    "10": -0.9172034859657288,
    "11": 0,
    "12": -0.00012294817133806646,
    "13": 0.005676891189068556,
    "14": -0.05613888055086136,
    "15": 1
  },
  "cameraMatrix": {
    "0": 0.7112125754356384,
    "1": -0.6240541338920593,
    "2": 0.3237041234970093,
    "3": 0,
    "4": -0.6991686820983887,
    "5": -0.6761413216590881,
    "6": 0.23300932347774506,
    "7": 0,
    "8": 0.0734240785241127,
    "9": -0.3920288383960724,
    "10": -0.9172034859657288,
    "11": 0,
    "12": -0.00012294817133806646,
    "13": 0.005676891189068556,
    "14": -0.05613888055086136,
    "15": 1
  },
  "cameraPosition": [
    0.021797692342929054,
    0.016826438612777217,
    -0.04923897495441132
  ],
  "timer": {
    "running": true,
    "elapsed": 696057.9000000358
  },
  "accumulateControl": {
    "accumulate": true
  },
  "mouse": [
    530,
    362,
    false,
    0
  ],
  "r": [
    476,
    214
  ],
  "controls": {
    "rotX": {
      "type": "range",
      "controller": 11,
      "step": 0.005,
      "min": -1,
      "max": 1,
      "value": -0.225
    },
    "rotY": {
      "type": "range",
      "controller": 12,
      "step": 0.005,
      "min": -1,
      "max": 1,
      "value": -0.33
    },
    "rotZ": {
      "type": "range",
      "controller": 13,
      "step": 0.005,
      "min": -1,
      "max": 1,
      "value": -0.55
    },
    "scale": {
      "type": "range",
      "controller": 14,
      "step": 0.0005,
      "min": 0.3,
      "max": 0.9,
      "value": 0.715
    },
    "offsetX": {
      "type": "range",
      "controller": 15,
      "step": 0.00005,
      "min": -1,
      "max": 1,
      "value": 0.4697
    },
    "offsetY": {
      "type": "range",
      "controller": 16,
      "step": 0.00005,
      "min": -1,
      "max": 1,
      "value": 0.4047
    },
    "offsetZ": {
      "type": "range",
      "controller": 17,
      "step": 0.00005,
      "min": -1,
      "max": 1,
      "value": 0.42635
    }
  },
  "capture": {
    "fps": 30,
    "seconds": 12,
    "width": 2160,
    "height": 2700,
    "startFrame": 276
  }
}