{
  "id": "ifs-zoom-16",
  "camera": {
    "rotation": [
      0.5657956600189209,
      0.3582533299922943,
      -0.6048411130905151,
      0.43103817105293274
    ],
    "position": [
      -0.1247894328464696,
      0.010650192097098277,
      0.02193530226745999
    ]
  },
  "view": {
    "0": 0.011643558740615845,
    "1": -0.11602285504341125,
    "2": -0.9932746887207031,
    "3": 0,
    "4": 0.9268155694007874,
    "5": -0.3719150125980377,
    "6": 0.05438636615872383,
    "7": 0,
    "8": -0.3755912184715271,
    "9": -0.9211317300796509,
    "10": 0.10305964201688766,
    "11": 0,
    "12": -0.00017906395078171045,
    "13": 0.009687843732535839,
    "14": -0.12679004669189453,
    "15": 1
  },
  "cameraMatrix": {
    "0": 0.011643558740615845,
    "1": -0.11602285504341125,
    "2": -0.9932746887207031,
    "3": 0,
    "4": 0.9268155694007874,
    "5": -0.3719150125980377,
    "6": 0.05438636615872383,
    "7": 0,
    "8": -0.3755912184715271,
    "9": -0.9211317300796509,
    "10": 0.10305964201688766,
    "11": 0,
    "12": -0.00017906395078171045,
    "13": 0.009687843732535839,
    "14": -0.12679004669189453,
    "15": 1
  },
  "cameraPosition": [
    -0.1247894328464696,
    0.010650192097098277,
    0.02193530226745999
  ],
  "timer": {
    "running": false,
    "elapsed": 843804.2999993563
  },
  "accumulateControl": {
    "accumulate": false
  },
  "mouse": [
    95,
    328,
    false,
    0
  ],
  "r": [
    614,
    616
  ],
  "controls": {
    "closed": true,
    "rotX": {
      "type": "range",
      "controller": 11,
      "step": 0.001,
      "min": 0,
      "max": 1,
      "loop": true,
      "value": 0.924
    },
    "rotY": {
      "type": "range",
      "controller": 12,
      "step": 0.001,
      "min": 0,
      "max": 1,
      "loop": true,
      "value": 0.9520000000000001
    },
    "rotZ": {
      "type": "range",
      "controller": 13,
      "step": 0.001,
      "min": 0,
      "max": 1,
      "loop": true,
      "value": 0.971
    },
    "scale": {
      "type": "range",
      "controller": 14,
      "step": 0.0005,
      "min": 0.3,
      "max": 0.9,
      "value": 0.628
    },
    "offsetX": {
      "type": "range",
      "controller": 15,
      "step": 0.001,
      "min": -2,
      "max": 2,
      "value": 0.402
    },
    "offsetY": {
      "type": "range",
      "controller": 16,
      "step": 0.001,
      "min": -2,
      "max": 2,
      "value": 0.973
    },
    "offsetZ": {
      "type": "range",
      "controller": 17,
      "step": 0.001,
      "min": -2,
      "max": 2,
      "value": 0.651
    }
  },
  "capture": {
    "fps": 30,
    "seconds": 12,
    "width": 2160,
    "height": 2700,
    "startFrame": 276
  }
}