{
  "id": "ifs-zoom-16-horns",
  "camera": {
    "rotation": [
      -0.06910098344087601,
      -0.9221454858779907,
      0.015201753936707973,
      0.38047999143600464
    ],
    "position": [
      5.030602504489665,
      -0.4450641016560999,
      -4.395654355154233
    ]
  },
  "view": {
    "0": -0.7011668086051941,
    "1": 0.1390102505683899,
    "2": 0.6996148824691772,
    "3": 0,
    "4": 0.11587439477443695,
    "5": 0.9899879097938538,
    "6": -0.08061954379081726,
    "7": 0,
    "8": -0.7038167119026184,
    "9": 0.024546625092625618,
    "10": -0.7102544903755188,
    "11": 0,
    "12": 0.48512810468673706,
    "13": -0.1507987529039383,
    "14": -6.677398204803467,
    "15": 1
  },
  "cameraMatrix": {
    "0": -0.7011668086051941,
    "1": 0.1390102505683899,
    "2": 0.6996148824691772,
    "3": 0,
    "4": 0.11587439477443695,
    "5": 0.9899879097938538,
    "6": -0.08061954379081726,
    "7": 0,
    "8": -0.7038167119026184,
    "9": 0.024546625092625618,
    "10": -0.7102544903755188,
    "11": 0,
    "12": 0.48512810468673706,
    "13": -0.1507987529039383,
    "14": -6.677398204803467,
    "15": 1
  },
  "cameraPosition": [
    5.030602504489665,
    -0.4450641016560999,
    -4.395654355154233
  ],
  "timer": {
    "running": false,
    "elapsed": 5970
  },
  "accumulateControl": {
    "accumulate": false
  },
  "mouse": [
    386,
    221,
    false,
    0
  ],
  "r": [
    307,
    221
  ],
  "controls": {
    "closed": true,
    "rotX": {
      "type": "range",
      "controller": 11,
      "step": 0.001,
      "min": 0,
      "max": 1,
      "loop": true,
      "value": 0.607
    },
    "rotY": {
      "type": "range",
      "controller": 12,
      "step": 0.001,
      "min": 0,
      "max": 1,
      "loop": true,
      "value": 0.443
    },
    "rotZ": {
      "type": "range",
      "controller": 13,
      "step": 0.001,
      "min": 0,
      "max": 1,
      "loop": true,
      "value": 0.595
    },
    "scale": {
      "type": "range",
      "controller": 14,
      "step": 0.0005,
      "min": 0.3,
      "max": 0.9,
      "value": 0.7735
    },
    "offsetX": {
      "type": "range",
      "controller": 15,
      "step": 0.001,
      "min": -2,
      "max": 2,
      "value": 0.624
    },
    "offsetY": {
      "type": "range",
      "controller": 16,
      "step": 0.001,
      "min": -2,
      "max": 2,
      "value": 0.117
    },
    "offsetZ": {
      "type": "range",
      "controller": 17,
      "step": 0.001,
      "min": -2,
      "max": 2,
      "value": 0.128
    }
  },
  "capture": {
    "fps": 30,
    "seconds": 2,
    "width": 2048,
    "height": 2048
  }
}