{
  "id": "ifs-zoom-16-mortalcoil",
  "camera": {
    "rotation": [
      0.11742103844881058,
      0.6596189737319946,
      -0.4452327787876129,
      0.5941236019134521
    ],
    "position": [
      -0.1470623499728987,
      -0.058573032064782815,
      0.06491223648286315
    ]
  },
  "view": {
    "0": -0.26665884256362915,
    "1": -0.37414032220840454,
    "2": -0.8883497714996338,
    "3": 0,
    "4": 0.6839528679847717,
    "5": 0.5759601593017578,
    "6": -0.4478427469730377,
    "7": 0,
    "8": 0.6792309880256653,
    "9": -0.7268931865692139,
    "10": 0.10223022103309631,
    "11": 0,
    "12": -0.043244682252407074,
    "13": 0.0258980430662632,
    "14": -0.1635103076696396,
    "15": 1
  },
  "cameraMatrix": {
    "0": -0.26665884256362915,
    "1": -0.37414032220840454,
    "2": -0.8883497714996338,
    "3": 0,
    "4": 0.6839528679847717,
    "5": 0.5759601593017578,
    "6": -0.4478427469730377,
    "7": 0,
    "8": 0.6792309880256653,
    "9": -0.7268931865692139,
    "10": 0.10223022103309631,
    "11": 0,
    "12": -0.043244682252407074,
    "13": 0.0258980430662632,
    "14": -0.1635103076696396,
    "15": 1
  },
  "cameraPosition": [
    -0.1470623499728987,
    -0.058573032064782815,
    0.06491223648286315
  ],
  "timer": {
    "running": false,
    "elapsed": 250420.39999997616
  },
  "accumulateControl": {
    "accumulate": false
  },
  "mouse": [
    402,
    368,
    false,
    0
  ],
  "r": [
    315,
    308
  ],
  "controls": {
    "closed": true,
    "rotX": {
      "type": "range",
      "controller": 11,
      "step": 0.001,
      "min": 0,
      "max": 1,
      "loop": true,
      "value": 0.624
    },
    "rotY": {
      "type": "range",
      "controller": 12,
      "step": 0.001,
      "min": 0,
      "max": 1,
      "loop": true,
      "value": 0.462
    },
    "rotZ": {
      "type": "range",
      "controller": 13,
      "step": 0.001,
      "min": 0,
      "max": 1,
      "loop": true,
      "value": 0.6890000000000001
    },
    "scale": {
      "type": "range",
      "controller": 14,
      "step": 0.0005,
      "min": 0.3,
      "max": 0.9,
      "value": 0.7135
    },
    "offsetX": {
      "type": "range",
      "controller": 15,
      "step": 0.001,
      "min": -2,
      "max": 2,
      "value": -0.066
    },
    "offsetY": {
      "type": "range",
      "controller": 16,
      "step": 0.001,
      "min": -2,
      "max": 2,
      "value": 0.801
    },
    "offsetZ": {
      "type": "range",
      "controller": 17,
      "step": 0.001,
      "min": -2,
      "max": 2,
      "value": 0.367
    }
  },
  "capture": {
    "fps": 30,
    "seconds": 2,
    "width": 2048,
    "height": 2048
  }
}