{
    "id": "spirallooprefract6",
    "timer": {
        "running": false,
        "elapsed": 0
    },
    "mouse": [
        297,
        147,
        false,
        0
    ],
    "camera": {
        "rotation": [
          0.5654220581054688,
          0.0572209507226944,
          -0.08764714002609253,
          0.8181332945823669
        ],
        "position": [
          -1.8314723544170644,
          8.695851623235068,
          3.364201580299479
        ]
      },
      "view": {
        "0": 0.9780874848365784,
        "1": -0.07870610803365707,
        "2": -0.19274398684501648,
        "3": 0,
        "4": 0.20812205970287323,
        "5": 0.3452317416667938,
        "6": 0.9151507019996643,
        "7": 0,
        "8": -0.005486522801220417,
        "9": -0.935211718082428,
        "10": 0.35404732823371887,
        "11": 0,
        "12": -4.901630745735019e-7,
        "13": 0.00000874467059475137,
        "14": -9.502106666564941,
        "15": 1
      },
      "cameraMatrix": {
        "0": 0.9780874848365784,
        "1": -0.07870610803365707,
        "2": -0.19274398684501648,
        "3": 0,
        "4": 0.20812205970287323,
        "5": 0.3452317416667938,
        "6": 0.9151507019996643,
        "7": 0,
        "8": -0.005486522801220417,
        "9": -0.935211718082428,
        "10": 0.35404732823371887,
        "11": 0,
        "12": -4.901630745735019e-7,
        "13": 0.00000874467059475137,
        "14": -9.502106666564941,
        "15": 1
      },
      "cameraPosition": [
        -1.8314723544170644,
        8.695851623235068,
        3.364201580299479
      ],
    "controls": {
        "lead": {
            "type": "range",
            "min": 0.1,
            "max": 3,
            "step": 0.002265625,
            "value": 0.6
        },
        "innerRatio": {
            "type": "range",
            "min": 0,
            "max": 0.99,
            "step": 0.0007734375,
            "value": 0.4407892623709694
        },
        "mix": {
            "type": "range",
            "min": 0,
            "max": 1,
            "step": 0.00078125,
            "value": 1
        },
        "normals": {
            "type": "toggle",
            "value": false
        },
        "offsetX": {
            "type": "range",
            "min": -1,
            "max": 2,
            "step": 0.00234375,
            "value": 1
        },
        "offsetY": {
            "type": "range",
            "min": -1,
            "max": 1,
            "step": 0.0015625,
            "value": 0.4
        },
        "zoom": {
            "type": "range",
            "min": 0,
            "max": 0.5,
            "step": 0.000390625,
            "value": 0.1
        },
        "focal": {
            "type": "range",
            "min": 0,
            "max": 10,
            "step": 0.0078125,
            "value": 3
        },
        "rotateX": {
            "type": "range",
            "min": 0,
            "max": 1,
            "step": 0.00078125,
            "value": 0.6204676984110781
        },
        "rotateY": {
            "type": "range",
            "min": 0,
            "max": 1,
            "step": 0.00078125,
            "value": 0.9
        },
        "rotateModel": {
            "type": "range",
            "min": 0,
            "max": 1,
            "step": 0.00078125,
            "value": 0.4560833039600971
        },
        "rotateModelX": {
            "type": "range",
            "min": 0,
            "max": 1,
            "step": 0.00078125,
            "value": 0
        },
        "flip": {
            "type": "toggle",
            "value": false
        },
        "debug": {
            "type": "range",
            "min": 0,
            "max": 1,
            "step": 0.00078125,
            "value": 0.6749066960348409
        },
        "normalX": {
            "type": "range",
            "min": 0,
            "max": 1,
            "step": 0.00078125,
            "value": 0.5583730427427409
        },
        "normalY": {
            "type": "range",
            "min": 0,
            "max": 1,
            "step": 0.00078125,
            "value": 0
        },
        "zipOffset": {
            "type": "range",
            "min": -300,
            "max": 300,
            "step": 0.46875,
            "value": 30
        },
        "zipSize": {
            "type": "range",
            "min": 0,
            "max": 200,
            "step": 0.15625,
            "value": 60
        },
        "zipSpeed": {
            "type": "range",
            "min": 0,
            "max": 15,
            "step": 0.01171875,
            "value": 3.3
        }
    }
}