{
    "id": "spiralloop2",
    "timer": {
        "running": false,
        "elapsed": 0
    },
    "mouse": [
        297,
        147,
        false,
        0
    ],
    "cameraMatrix": {
        "0": -0.7063226699829102,
        "1": 0.7052236199378967,
        "2": 0.06198469549417496,
        "3": 0,
        "4": -0.30620118975639343,
        "5": -0.3832840919494629,
        "6": 0.8714323043823242,
        "7": 0,
        "8": 0.6382971405982971,
        "9": 0.5965006947517395,
        "10": 0.48660656809806824,
        "11": 0,
        "12": 0.14653973281383514,
        "13": 0.6211488246917725,
        "14": 0.13233166933059692,
        "15": 1
    },
    "controls": {
        "lead": {
            "type": "range",
            "min": 0.1,
            "max": 3,
            "step": 0.002265625,
            "value": 0.6
        },
        "innerRatio": {
            "type": "range",
            "min": 0,
            "max": 0.99,
            "step": 0.0007734375,
            "value": 0.4407892623709694
        },
        "mix": {
            "type": "range",
            "min": 0,
            "max": 1,
            "step": 0.00078125,
            "value": 1
        },
        "normals": {
            "type": "toggle",
            "value": false
        },
        "offsetX": {
            "type": "range",
            "min": -1,
            "max": 2,
            "step": 0.00234375,
            "value": 1
        },
        "offsetY": {
            "type": "range",
            "min": -1,
            "max": 1,
            "step": 0.0015625,
            "value": 0.4
        },
        "zoom": {
            "type": "range",
            "min": 0,
            "max": 0.5,
            "step": 0.000390625,
            "value": 0.1
        },
        "focal": {
            "type": "range",
            "min": 0,
            "max": 10,
            "step": 0.0078125,
            "value": 3
        },
        "rotateX": {
            "type": "range",
            "min": 0,
            "max": 1,
            "step": 0.00078125,
            "value": 0.6204676984110781
        },
        "rotateY": {
            "type": "range",
            "min": 0,
            "max": 1,
            "step": 0.00078125,
            "value": 0.9
        },
        "rotateModel": {
            "type": "range",
            "min": 0,
            "max": 1,
            "step": 0.00078125,
            "value": 0.4560833039600971
        },
        "rotateModelX": {
            "type": "range",
            "min": 0,
            "max": 1,
            "step": 0.00078125,
            "value": 0
        },
        "flip": {
            "type": "toggle",
            "value": false
        },
        "debug": {
            "type": "range",
            "min": 0,
            "max": 1,
            "step": 0.00078125,
            "value": 0.6749066960348409
        },
        "normalX": {
            "type": "range",
            "min": 0,
            "max": 1,
            "step": 0.00078125,
            "value": 0.5583730427427409
        },
        "normalY": {
            "type": "range",
            "min": 0,
            "max": 1,
            "step": 0.00078125,
            "value": 0
        },
        "zipOffset": {
            "type": "range",
            "min": -300,
            "max": 300,
            "step": 0.46875,
            "value": 30
        },
        "zipSize": {
            "type": "range",
            "min": 0,
            "max": 200,
            "step": 0.15625,
            "value": 60
        },
        "zipSpeed": {
            "type": "range",
            "min": 0,
            "max": 15,
            "step": 0.01171875,
            "value": 3.3
        }
    }
}