{
    "timer": {
        "running": false,
        "elapsed": 1450
    },
    "mouse": [
        315,
        204,
        false,
        0
    ],
    "showControls": true,
    "controls": {
        "lead": [{"midi": "pot1", "step": 0.2}, 0.1, 3, 0.6],
        "innerRatio": [0, 0.99, 0.4407892623709694],
        "mix": [0, 1, 1],
        "normals": [false],
        "offsetX": [-1, 2, 1],
        "offsetY": [-1, 1, 0.4],
        "zoom": [0, 0.5, 0.1],
        "focal": [0, 10, 3],
        "rotateX": [0, 1, 0.6204676984110781],
        "rotateY": [0, 1, 0.9],
        "rotateModel": [0, 1, 0.5030833039600972],
        "rotateModelX": [0, 1, 0],
        "flip": [false],
        "debug": [0, 1, 0.6749066960348409],
        "normalX": [0, 1, 0.5583730427427409],
        "normalY": [0, 1, 0],
        "zipOffset": [-300, 300, 30],
        "zipSize": [0, 200, 60],
        "zipSpeed": [0, 15, 3.3]
    },
    "midiSlots": {
        "pot1": [11, 11]
    },
    "cameraMatrix": {
        "0": -0.725907564163208,
        "1": 0.6817620992660522,
        "2": 0.09109511971473694,
        "3": 0,
        "4": -0.29170653223991394,
        "5": -0.425094872713089,
        "6": 0.8568747639656067,
        "7": 0,
        "8": 0.6229006052017212,
        "9": 0.5954221487045288,
        "10": 0.5074235200881958,
        "11": 0,
        "12": 0.17282257974147797,
        "13": 0.6670503616333008,
        "14": 0.13469550013542175,
        "15": 1
    }
}