{
    "lead": [0.1, 3, 0.6742582329355788],
    "innerRatio": [0, 0.99, 0.3891653142308876],
    "mix": [0, 1, 0.5373191244616854],
    "normals": [true],
    "offsetX": [-1, 1, 1],
    "offsetY": [-1, 1, 0.2847206121796282],
    "zoom": [0, 0.5, 0.1477790893308775],
    "rotateX": [0, 1, 0.6206851731255604],
    "rotateY": [0, 1, 0.9674873005536194],
    "rotateModel": [0, 1, 0.6098476066434335]
}
