{
    "lead": [0.1, 3, 0.6],
    "innerRatio": [0, 0.99, 0.4407892623709694],
    "mix": [0, 1, 1],
    "normals": [false],
    "offsetX": [-1, 2, 1.2007971859736708],
    "offsetY": [-1, 1, 0.37363076990050104],
    "zoom": [0, 0.5, 0.08652317679099827],
    "focal": [0, 10, 0],
    "rotateX": [0, 1, 0.6204676984110781],
    "rotateY": [0, 1, 0.9513553899480596],
    "rotateModel": [0, 1, 0.5030833039600972],
    "rotateModelX": [0, 1, 0],
    "flip": [false],
    "debug": [0, 1, 0.6749066960348409],
    "normalX": [0, 1, 0.3542262110955072],
    "normalY": [0, 1, 0],
    "zipOffset": [0, 100, 30.57417266603415],
    "zipSize": [0, 200, 100],
    "zipSpeed": [0, 30, 2.9]
}