{
    "lead": [0.1, 3, 0.6],
    "innerRatio": [0, 0.99, 0.4407892623709694],
    "mix": [0, 1, 1],
    "normals": [true],
    "offsetX": [-1, 2, 1],
    "offsetY": [-1, 1, 0.4],
    "zoom": [0, 0.5, 0.1],
    "focal": [0, 10, 0],
    "rotateX": [0, 1, 0.6204676984110781],
    "rotateY": [0, 1, 0.9],
    "rotateModel": [0, 1, 0.5030833039600972],
    "rotateModelX": [0, 1, 0],
    "flip": [false],
    "debug": [0, 1, 0.6749066960348409],
    "normalX": [0, 1, 0.5583730427427409],
    "normalY": [0, 1, 0],
    "zipOffset": [-300, 300, 30],
    "zipSize": [0, 200, 60],
    "zipSpeed": [0, 15, 3.3]
}