{
    "lead": [0.1, 3, 0.4920514810866804],
    "innerRatio": [0, 0.99, 0.4849025832818763],
    "mix": [0, 1, 1],
    "normals": [true],
    "offsetX": [-1, 1, 1],
    "offsetY": [-1, 1, 0.2847206121796282],
    "zoom": [0, 0.5, 0.1477790893308775],
    "rotateX": [0, 1, 0.6206851731255604],
    "rotateY": [0, 1, 0.9674873005536194],
    "rotateModel": [0, 1, 0.6098476066434335],
    "flip": [false],
    "debug": [0, 0.1, 0.1],
    "normalX": [0, 1, 0.3189005532225786],
    "normalY": [0, 1, 0]
}
