{
    "timer": {
        "running": false,
        "elapsed": 620
    },
    "mouse": [
        325,
        134,
        false,
        0
    ],
    "gui": {
        "closed": false,
        "controllers": {
            "lead": 0.6,
            "innerRatio": 0.4407892623709694,
            "mix": 1,
            "normals": false,
            "offsetX": 1,
            "offsetY": 0.4,
            "zoom": 0.1,
            "focal": 0,
            "rotateX": 0.6204676984110781,
            "rotateY": 0.9,
            "rotateModel": 0.5030833039600972,
            "rotateModelX": 0,
            "flip": false,
            "debug": 0.6749066960348409,
            "normalX": 0.5583730427427409,
            "normalY": 0,
            "zipOffset": 30,
            "zipSize": 60,
            "zipSpeed": 3.3
        }
    },
    "cameraMatrix": {
        "0": -0.22984719276428223,
        "1": -0.023832447826862335,
        "2": 0.9729211330413818,
        "3": 0,
        "4": -0.42998334765434265,
        "5": -0.8943279385566711,
        "6": -0.123493492603302,
        "7": 0,
        "8": 0.8730737566947937,
        "9": -0.44673070311546326,
        "10": 0.1953364461660385,
        "11": 0,
        "12": 0.9684653878211975,
        "13": -3.1086628437042236,
        "14": -1.8598520755767822,
        "15": 1
    }
}