{
    "timer": {
        "running": false,
        "elapsed": 15110.164999999979
    },
    "mouse": [
        315,
        191,
        false,
        0
    ],
    "gui": {
        "closed": true,
        "controllers": {
            "lead": 0.6,
            "innerRatio": 0.4407892623709694,
            "mix": 1,
            "normals": false,
            "offsetX": 1,
            "offsetY": 0.4,
            "zoom": 0.1,
            "focal": 0,
            "rotateX": 0.6204676984110781,
            "rotateY": 0.9,
            "rotateModel": 0.5030833039600972,
            "rotateModelX": 0,
            "flip": false,
            "debug": 0.6749066960348409,
            "normalX": 0.5583730427427409,
            "normalY": 0,
            "zipOffset": 30,
            "zipSize": 60,
            "zipSpeed": 3.3
        }
    },
    "cameraMatrix": {
        "0": -0.7290552258491516,
        "1": 0.6803287267684937,
        "2": 0.07521969079971313,
        "3": 0,
        "4": -0.2558097541332245,
        "5": -0.3727571964263916,
        "6": 0.8919835686683655,
        "7": 0,
        "8": 0.6348752379417419,
        "9": 0.6310515403747559,
        "10": 0.4457756280899048,
        "11": 0,
        "12": 0.14854222536087036,
        "13": 0.7476480007171631,
        "14": 0.13759954273700714,
        "15": 1
    }
}