{
    "id": "spiralloop1",
    "timer": {
        "running": false,
        "elapsed": 0
    },
    "mouse": [
        297,
        147,
        false,
        0
    ],
    "cameraMatrix": {
        "0": -0.7063226699829102,
        "1": 0.7052236199378967,
        "2": 0.06198469549417496,
        "3": 0,
        "4": -0.30620118975639343,
        "5": -0.3832840919494629,
        "6": 0.8714323043823242,
        "7": 0,
        "8": 0.6382971405982971,
        "9": 0.5965006947517395,
        "10": 0.48660656809806824,
        "11": 0,
        "12": 0.14653973281383514,
        "13": 0.6211488246917725,
        "14": 0.13233166933059692,
        "15": 1
    },
    "showControls": false
}