{
  "camera": {
    "version": "2",
    "position": [
      1.2189112901687622,
      0.31601518392562866,
      1.4209938049316406
    ],
    "rotation": [
      -0.12831401824951172,
      0.33920514583587646,
      0.04676524177193642,
      0.9306920170783997
    ]
  },
  "freeFlyCameraControl": {
    "positionSpeed": 1,
    "rotationSpeed": 0.05
  },
  "fov": 3
}