{
  "id": "headglitch-03",
  "camera": {
    "rotation": [
      -0.046104270964860916,
      -0.31566107273101807,
      -0.0060205645859241486,
      0.9477288722991943
    ],
    "position": [
      1.6670370015344815,
      -0.16572816401276214,
      2.23115434913052
    ]
  },
  "view": {
    "0": 0.8006436824798584,
    "1": 0.017694922164082527,
    "2": 0.5988773703575134,
    "3": 0,
    "4": 0.040518373250961304,
    "5": 0.9956762790679932,
    "6": -0.08358778059482574,
    "7": 0,
    "8": -0.5977670550346375,
    "9": 0.09118961542844772,
    "10": 0.7964649796485901,
    "11": 0,
    "12": 0.005723005160689354,
    "13": -0.06794460117816925,
    "14": -2.7892398834228516,
    "15": 1
  },
  "cameraMatrix": {
    "0": 0.8006436824798584,
    "1": 0.017694922164082527,
    "2": 0.5988773703575134,
    "3": 0,
    "4": 0.040518373250961304,
    "5": 0.9956762790679932,
    "6": -0.08358778059482574,
    "7": 0,
    "8": -0.5977670550346375,
    "9": 0.09118961542844772,
    "10": 0.7964649796485901,
    "11": 0,
    "12": 0.005723005160689354,
    "13": -0.06794460117816925,
    "14": -2.7892398834228516,
    "15": 1
  },
  "cameraPosition": [
    1.6670370015344815,
    -0.16572816401276214,
    2.23115434913052
  ],
  "timer": {
    "running": false,
    "elapsed": 0
  },
  "mouse": [
    1026,
    294,
    false,
    0
  ],
  "r": [
    1478,
    398
  ],
  "debugPlane": {},
  "fov": 1.5915494309189535
}