{
  "camera": {
    "version": "2",
    "position": [
      0,
      0.74,
      2.31
    ],
    "rotation": [
      -0.1581578105688095,
      -2.672454701979632e-9,
      -2.5560567551430324e-10,
      0.9874120354652405
    ]
  },
  "freeFlyCameraControl": {
    "positionSpeed": 1,
    "rotationSpeed": 0.05
  },
  "fov": 6
}