{
  "id": "clifford-torus-3",
  "camera": {
    "rotation": [
      -0.12240087985992432,
      0.9032860994338989,
      0.40903010964393616,
      0.0421813502907753
    ],
    "position": [
      -0.285489728259563,
      1.2474427769775502,
      -1.3285500422061887
    ]
  }
}