{
  "id": "clifford-torus-mla-6",
  "camera": {
    "rotation": [
      0.8296586275100708,
      -0.423104852437973,
      -0.05702267587184906,
      0.3596939742565155
    ],
    "position": [
      1.6668713570688851,
      5.404464870721313,
      -5.776246669313423
    ]
  },
  "controls": {
    "closed": true,
    "method": {
      "type": "range",
      "min": 0,
      "max": 2,
      "value": 1,
      "step": 1,
      "controller": 18
    },
    "s": {
      "type": "range",
      "min": 0.5,
      "max": 15,
      "value": 4.488,
      "step": 0.001,
      "controller": 11
    },
    "e": {
      "type": "range",
      "min": 0.3,
      "max": 0.6,
      "value": 0.5015000000000001,
      "step": 0.0001,
      "controller": 12
    },
    "f": {
      "type": "range",
      "min": 0.5,
      "max": 1.5,
      "value": 0.8230000000000001,
      "step": 0.001,
      "controller": 13
    },
    "color": {
      "scale": {
        "type": "range",
        "min": 0,
        "max": 1,
        "value": 0.2,
        "step": 0.01
      },
      "offset": {
        "type": "range",
        "min": 0,
        "max": 1,
        "value": 0.4,
        "step": 0.01
      },
      "flip": {
        "type": "toggle",
        "value": true
      }
    }
  }
}