{
  "id": "kleinian-loop-02",
  "camera": {
    "rotation": [
      -0.30902695655822754,
      -0.7749444842338562,
      0.26615798473358154,
      -0.482907235622406
    ],
    "position": [
      -0.8346164357041914,
      -0.12138233999138937,
      -0.4025519552998471
    ]
  },
  "view": {
    "0": -0.34275805950164795,
    "1": 0.22189824283123016,
    "2": -0.9129526019096375,
    "3": 0,
    "4": 0.7360166907310486,
    "5": 0.6673245429992676,
    "6": -0.11405261605978012,
    "7": 0,
    "8": 0.5839526057243347,
    "9": -0.7109780311584473,
    "10": -0.39207321405410767,
    "11": 0,
    "12": 0.03833918273448944,
    "13": -0.020004259422421455,
    "14": -0.9336390495300293,
    "15": 1
  },
  "cameraMatrix": {
    "0": -0.34275805950164795,
    "1": 0.22189824283123016,
    "2": -0.9129526019096375,
    "3": 0,
    "4": 0.7360166907310486,
    "5": 0.6673245429992676,
    "6": -0.11405261605978012,
    "7": 0,
    "8": 0.5839526057243347,
    "9": -0.7109780311584473,
    "10": -0.39207321405410767,
    "11": 0,
    "12": 0.03833918273448944,
    "13": -0.020004259422421455,
    "14": -0.9336390495300293,
    "15": 1
  },
  "cameraPosition": [
    -0.8346164357041914,
    -0.12138233999138937,
    -0.4025519552998471
  ],
  "timer": {
    "running": false,
    "elapsed": 2870972.999999523
  },
  "accumulateControl": {
    "accumulate": true
  },
  "mouse": [
    425,
    209,
    false,
    0
  ],
  "r": [
    311,
    255
  ],
  "controls": {
    "closed": true,
    "kleinR": {
      "type": "range",
      "controller": 11,
      "step": 0.00005,
      "min": 0,
      "max": 1,
      "value": 0.39
    },
    "kleinI": {
      "type": "range",
      "controller": 12,
      "step": 0.00005,
      "min": 0,
      "max": 1,
      "value": 0.55
    },
    "boxSizeX": {
      "type": "range",
      "controller": 13,
      "step": 0.00005,
      "min": -1,
      "max": 1,
      "value": -0.40445000000000003
    },
    "boxSizeZ": {
      "type": "range",
      "controller": 14,
      "step": 0.00005,
      "min": -1,
      "max": 1,
      "value": 0.34
    },
    "offsetX": {
      "type": "range",
      "controller": 15,
      "step": 0.00005,
      "min": 0,
      "max": 1,
      "value": 0
    },
    "offsetY": {
      "type": "range",
      "controller": 16,
      "step": 0.00005,
      "min": 0,
      "max": 1,
      "value": 1
    },
    "offsetZ": {
      "type": "range",
      "controller": 17,
      "step": 0.00005,
      "min": 0,
      "max": 1,
      "value": 1
    }
  },
  "capture": {
    "fps": 30,
    "seconds": 12,
    "width": 2160,
    "height": 2700,
    "startFrame": 276
  }
}