{
  "id": "skinfract3-05",
  "camera": {
    "rotation": [
      -0.3102734684944153,
      -0.7615726590156555,
      0.2668730616569519,
      -0.5025846362113953
    ],
    "position": [
      -0.8346164357041914,
      -0.12138233999138937,
      -0.4025519552998471
    ]
  },
  "view": {
    "0": -0.30242830514907837,
    "1": 0.20433898270130157,
    "2": -0.9311167001724243,
    "3": 0,
    "4": 0.740844190120697,
    "5": 0.6650182604789734,
    "6": -0.0946090966463089,
    "7": 0,
    "8": 0.5999021530151367,
    "9": -0.7183638215065002,
    "10": -0.35252508521080017,
    "11": 0,
    "12": 0.07900555431842804,
    "13": -0.03791261091828346,
    "14": -0.9305188059806824,
    "15": 1
  },
  "cameraMatrix": {
    "0": -0.30242830514907837,
    "1": 0.20433898270130157,
    "2": -0.9311167001724243,
    "3": 0,
    "4": 0.740844190120697,
    "5": 0.6650182604789734,
    "6": -0.0946090966463089,
    "7": 0,
    "8": 0.5999021530151367,
    "9": -0.7183638215065002,
    "10": -0.35252508521080017,
    "11": 0,
    "12": 0.07900555431842804,
    "13": -0.03791261091828346,
    "14": -0.9305188059806824,
    "15": 1
  },
  "cameraPosition": [
    -0.8346164357041914,
    -0.12138233999138937,
    -0.4025519552998471
  ],
  "timer": {
    "running": false,
    "elapsed": 2870972.999999523
  },
  "accumulateControl": {
    "accumulate": false
  },
  "mouse": [
    636,
    357,
    false,
    0
  ],
  "r": [
    1117,
    613
  ],
  "controls": {
    "closed": true,
    "kleinR": {
      "type": "range",
      "controller": 11,
      "step": 0.0005,
      "min": 0,
      "max": 1,
      "value": 0.388
    },
    "kleinI": {
      "type": "range",
      "controller": 12,
      "step": 0.0005,
      "min": 0,
      "max": 1,
      "value": 0.5505
    },
    "boxSizeX": {
      "type": "range",
      "controller": 13,
      "step": 0.005,
      "min": -1,
      "max": 1,
      "value": -0.395
    },
    "boxSizeZ": {
      "type": "range",
      "controller": 14,
      "step": 0.005,
      "min": -1,
      "max": 1,
      "value": 0.34
    },
    "offsetX": {
      "type": "range",
      "controller": 15,
      "step": 0.005,
      "min": 0,
      "max": 1,
      "value": 0
    },
    "offsetY": {
      "type": "range",
      "controller": 16,
      "step": 0.005,
      "min": 0,
      "max": 1,
      "value": 1
    },
    "offsetZ": {
      "type": "range",
      "controller": 17,
      "step": 0.005,
      "min": 0,
      "max": 1,
      "value": 1
    }
  },
  "capture": {
    "fps": 100,
    "seconds": 1,
    "width": 1600,
    "height": 1600
  }
}