{
  "id": "skinfract3-04",
  "camera": {
    "rotation": [
      0.4182035028934479,
      0.18060940504074097,
      -0.7078663110733032,
      0.5398758053779602
    ],
    "position": [
      -0.9671743386131477,
      0.7870812800090858,
      1.2268973068765154
    ]
  },
  "view": {
    "0": -0.06738894432783127,
    "1": -0.6132568120956421,
    "2": -0.7870776653289795,
    "3": 0,
    "4": 0.9153827428817749,
    "5": -0.35193777084350586,
    "6": 0.19586127996444702,
    "7": 0,
    "8": -0.39705103635787964,
    "9": -0.7072505354881287,
    "10": 0.5849721431732178,
    "11": 0,
    "12": -0.2985166311264038,
    "13": 0.5516011714935303,
    "14": -1.6331008672714233,
    "15": 1
  },
  "cameraMatrix": {
    "0": -0.06738894432783127,
    "1": -0.6132568120956421,
    "2": -0.7870776653289795,
    "3": 0,
    "4": 0.9153827428817749,
    "5": -0.35193777084350586,
    "6": 0.19586127996444702,
    "7": 0,
    "8": -0.39705103635787964,
    "9": -0.7072505354881287,
    "10": 0.5849721431732178,
    "11": 0,
    "12": -0.2985166311264038,
    "13": 0.5516011714935303,
    "14": -1.6331008672714233,
    "15": 1
  },
  "cameraPosition": [
    -0.9671743386131477,
    0.7870812800090858,
    1.2268973068765154
  ],
  "timer": {
    "running": false,
    "elapsed": 2870972.999999523
  },
  "accumulateControl": {
    "accumulate": false
  },
  "mouse": [
    260,
    274,
    false,
    0
  ],
  "r": [
    306,
    257
  ],
  "controls": {
    "closed": true,
    "kleinR": {
      "type": "range",
      "controller": 11,
      "step": 0.0005,
      "min": 0,
      "max": 1,
      "value": 0.34750000000000003
    },
    "kleinI": {
      "type": "range",
      "controller": 12,
      "step": 0.0005,
      "min": 0,
      "max": 1,
      "value": 0.5485
    },
    "boxSizeX": {
      "type": "range",
      "controller": 13,
      "step": 0.005,
      "min": -1,
      "max": 1,
      "value": 0.485
    },
    "boxSizeZ": {
      "type": "range",
      "controller": 14,
      "step": 0.005,
      "min": -1,
      "max": 1,
      "value": 0.505
    },
    "offsetX": {
      "type": "range",
      "controller": 15,
      "step": 0.005,
      "min": 0,
      "max": 1,
      "value": 0
    },
    "offsetY": {
      "type": "range",
      "controller": 16,
      "step": 0.005,
      "min": 0,
      "max": 1,
      "value": 1
    },
    "offsetZ": {
      "type": "range",
      "controller": 17,
      "step": 0.005,
      "min": 0,
      "max": 1,
      "value": 1
    }
  },
  "capture": {
    "fps": 100,
    "seconds": 1,
    "width": 1600,
    "height": 1600
  }
}