{
    "id": "pt2-architecture-12",
    "camera": {
      "rotation": [
        0.108016736805439,
        0.8811987638473511,
        0.27992570400238037,
        0.36533039808273315
      ],
      "position": [
        -9,9,-9
      ]
    },
    "fov": 3.1622776601683795
}