{
  "id": "skull03",
  "camera": {
    "rotation": [
      0.03146904706954956,
      -0.0977364331483841,
      -0.08916409313678741,
      -0.9902371168136597
    ],
    "position": [
      -0.309618441342991,
      -0.11948526853427666,
      0.856285186128531
    ]
  },
  "view": {
    "0": 0.9649947285652161,
    "1": 0.1704358458518982,
    "2": -0.19917631149291992,
    "3": 0,
    "4": -0.1827385276556015,
    "5": 0.9821189045906067,
    "6": -0.04489447548985481,
    "7": 0,
    "8": 0.1879526674747467,
    "9": 0.07975279539823532,
    "10": 0.9789145588874817,
    "11": 0,
    "12": 0.11600451171398163,
    "13": 0.10182768106460571,
    "14": -0.9052629470825195,
    "15": 1
  },
  "cameraMatrix": {
    "0": 0.9649947285652161,
    "1": 0.1704358458518982,
    "2": -0.19917631149291992,
    "3": 0,
    "4": -0.1827385276556015,
    "5": 0.9821189045906067,
    "6": -0.04489447548985481,
    "7": 0,
    "8": 0.1879526674747467,
    "9": 0.07975279539823532,
    "10": 0.9789145588874817,
    "11": 0,
    "12": 0.11600451171398163,
    "13": 0.10182768106460571,
    "14": -0.9052629470825195,
    "15": 1
  },
  "cameraPosition": [
    -0.309618441342991,
    -0.11948526853427666,
    0.856285186128531
  ],
  "timer": {
    "running": false,
    "elapsed": 2560
  },
  "mouse": [
    380,
    182,
    false,
    0
  ],
  "r": [
    177,
    99
  ],
  "controls": {
    "closed": true,
    "model": {
      "type": "toggle",
      "value": false
    },
    "blend": {
      "type": "toggle",
      "value": true
    },
    "blendError": {
      "type": "toggle",
      "value": false
    },
    "split": {
      "type": "toggle",
      "value": false
    }
  }
}