{
  "id": "log-camera",
  "camera": {
    "rotation": [
      0.19783999025821686,
      0.2887687087059021,
      -0.006462481804192066,
      0.9367117881774902
    ],
    "position": [
      -0.7371703510871157,
      0.71269293219666,
      1.037135934107937
    ]
  },
  "view": {
    "0": 0.8331417441368103,
    "1": 0.10215303301811218,
    "2": -0.5435431599617004,
    "3": 0,
    "4": 0.12636695802211761,
    "5": 0.9216351509094238,
    "6": 0.3669057786464691,
    "7": 0,
    "8": 0.5384290218353271,
    "9": -0.37437042593955994,
    "10": 0.7549439668655396,
    "11": 0,
    "12": -0.03431755304336548,
    "13": -0.1932656317949295,
    "14": -1.4451545476913452,
    "15": 1
  },
  "cameraMatrix": {
    "0": 0.8331417441368103,
    "1": 0.10215303301811218,
    "2": -0.5435431599617004,
    "3": 0,
    "4": 0.12636695802211761,
    "5": 0.9216351509094238,
    "6": 0.3669057786464691,
    "7": 0,
    "8": 0.5384290218353271,
    "9": -0.37437042593955994,
    "10": 0.7549439668655396,
    "11": 0,
    "12": -0.03431755304336548,
    "13": -0.1932656317949295,
    "14": -1.4451545476913452,
    "15": 1
  },
  "cameraPosition": [
    -0.7371703510871157,
    0.71269293219666,
    1.037135934107937
  ],
  "timer": {
    "running": false,
    "elapsed": 0
  },
  "mouse": [
    359,
    140,
    false,
    0
  ],
  "r": [
    273,
    164
  ]
}