{
  "id": "headglitchloop-05",
  "camera": {
    "rotation": [
      0.10623811185359955,
      -0.21842004358768463,
      -0.007061435841023922,
      0.9700367450714111
    ],
    "position": [
      1.206014656354455,
      0.6795847378834878,
      2.5866031507648586
    ]
  },
  "view": {
    "0": 0.9044856429100037,
    "1": -0.060108769685029984,
    "2": 0.42225053906440735,
    "3": 0,
    "4": -0.032709360122680664,
    "5": 0.9773272275924683,
    "6": 0.20919446647167206,
    "7": 0,
    "8": -0.4252513349056244,
    "9": -0.20302502810955048,
    "10": 0.8820123076438904,
    "11": 0,
    "12": 0.03136231005191803,
    "13": -0.06653943657875061,
    "14": -2.93282151222229,
    "15": 1
  },
  "cameraMatrix": {
    "0": 0.9044856429100037,
    "1": -0.060108769685029984,
    "2": 0.42225053906440735,
    "3": 0,
    "4": -0.032709360122680664,
    "5": 0.9773272275924683,
    "6": 0.20919446647167206,
    "7": 0,
    "8": -0.4252513349056244,
    "9": -0.20302502810955048,
    "10": 0.8820123076438904,
    "11": 0,
    "12": 0.03136231005191803,
    "13": -0.06653943657875061,
    "14": -2.93282151222229,
    "15": 1
  },
  "cameraPosition": [
    1.206014656354455,
    0.6795847378834878,
    2.5866031507648586
  ],
  "timer": {
    "running": false,
    "elapsed": 11560
  },
  "accumulateControl": {
    "accumulate": false
  },
  "mouse": [
    366,
    288,
    false,
    0
  ],
  "r": [
    1536,
    1066
  ],
  "debugPlane": {},
  "fov": 1.5915494309189535,
  "capture": {
    "fps": 20,
    "seconds": 4,
    "width": 1080,
    "height": 1080,
    "startFrame": 0
  }
}