{
    "id": "default",
    "freeFlyCameraControl": {
        "positionSpeed": 5,
        "tiltSpeed": 10,
        "rotationSpeed": 0.1,
        "shiftModifier": 10,
        "up": {
            "0": 0,
            "1": 1,
            "2": 0
        }
    },
    "view": {
        "0": 0.8535488247871399,
        "1": 0.21606098115444183,
        "2": -0.47409945726394653,
        "3": 0,
        "4": 0.000001122189246416383,
        "5": 0.9099599719047546,
        "6": 0.41469478607177734,
        "7": 0,
        "8": 0.5210111737251282,
        "9": -0.3539624512195587,
        "10": 0.7766951322555542,
        "11": 0,
        "12": -0.6304217576980591,
        "13": 0.6287057995796204,
        "14": -15.029829025268555,
        "15": 1
    },
    "cameraMatrix": {
        "0": 0.8535501956939697,
        "1": -1.1174428493632149e-7,
        "2": 0.5210123062133789,
        "3": 0,
        "4": 0.2160603106021881,
        "5": 0.9099608063697815,
        "6": -0.3539637327194214,
        "7": 0,
        "8": -0.4741009771823883,
        "9": 0.41469553112983704,
        "10": 0.7766971588134766,
        "11": 0,
        "12": -6.723398208618164,
        "13": 5.660705089569092,
        "14": 12.224621772766113,
        "15": 1
    },
    "cameraPosition": {
        "0": -6.723398208618164,
        "1": 5.660705089569092,
        "2": 12.224621772766113
    },
    "cameraProjection": {
        "0": 1.049013614654541,
        "1": 0,
        "2": 0,
        "3": 0,
        "4": 0,
        "5": 3.9163174629211426,
        "6": 0,
        "7": 0,
        "8": 0,
        "9": 0,
        "10": -1.0000200271606445,
        "11": -1,
        "12": 0,
        "13": 0,
        "14": -0.02000020071864128,
        "15": 0
    },
    "timer": {
        "running": false,
        "elapsed": 0
    },
    "mouse": [
        1079,
        517,
        false,
        0
    ],
    "r": [
        1680,
        450
    ],
    "frame": 0,
    "camera": {
        "version": "3",
        "position": [
            -0.05455449968576431,
            0.6786977052688599,
            -11.837745666503906
        ],
        "rotation": [
            0.000645643740426749,
            -0.9988383054733276,
            -0.046230338513851166,
            -0.013946834951639175
        ],
        "fov": 2
    },
    "accumulate": {
        "enabled": true,
        "isAccumulationDraw": false,
        "drawIndex": 0
    },
    "fov": 2
}