{
    "id": "stereo-subgrid-colour-blurry-2",
    "camera": {
      "rotation": [
        0.13079720735549927,
        6.266883850097656,
        0
      ],
      "position": [
        0.8274627663696297,
        0,
        0.18129040311852243
      ]
    },
    "view": {
      "0": -0.9998671412467957,
      "1": 0.002126016654074192,
      "2": -0.016161497682332993,
      "3": 0,
      "4": 1.2244840634406174e-16,
      "5": -0.9914582371711731,
      "6": -0.1304245889186859,
      "7": 0,
      "8": -0.016300735995173454,
      "9": -0.13040725886821747,
      "10": 0.9913265109062195,
      "11": 0,
      "12": 0.8303080201148987,
      "13": 0.02188238501548767,
      "14": -0.16634494066238403,
      "15": 1
    },
    "cameraMatrix": {
      "0": 0.3220270872116089,
      "1": -0.7641962170600891,
      "2": -0.5585405230522156,
      "3": 0,
      "4": 0.6845321655273438,
      "5": -0.21931853890419006,
      "6": 0.6947749853134155,
      "7": 0,
      "8": -0.6537423729896545,
      "9": -0.6060534119606018,
      "10": 0.4528241455554962,
      "11": 0,
      "12": 1.9655635356903076,
      "13": 0.46316251158714294,
      "14": 2.697911500930786,
      "15": 1
    },
    "cameraPosition": [
      1.9655635356903076,
      0.46316251158714294,
      2.697911500930786
    ],
    "timer": {
      "running": true,
      "elapsed": 2815188.0000000894
    },
    "mouse": [
      0,
      0,
      false,
      0
    ],
    "r": [
      369,
      211
    ]
  }