{
  "id": "skinfract51",
  "capture": {
    "fps": 30,
    "seconds": 6,
    "width": 1600,
    "height": 1600
  },
  "camera": {
    "version": "2",
    "position": [
      -1.1413841247558594,
      0.16313931345939636,
      0.3477157652378082
    ],
    "rotation": [
      -0.051835622638463974,
      -0.5746200084686279,
      -0.03757135197520256,
      0.8159075975418091
    ]
  },
  "freeFlyCameraControl": {
    "positionSpeed": 1,
    "rotationSpeed": 0.05
  },
  "fov": 4,
  "timer": {
    "running": false,
    "elapsed": 16530
  },
  "accumulateControl": {
    "accumulate": false
  },
  "mouse": [
    691,
    680,
    false,
    0
  ],
  "r": [
    1070,
    1071
  ]
}