{
  "id": "skinfract51",
  "capture": {
    "fps": 30,
    "seconds": 6,
    "width": 1600,
    "height": 1600
  },
  "camera": {
    "version": "3",
    "position": [
      -2.433187961578369,
      -0.4807361364364624,
      -1.141963005065918
    ],
    "rotation": [
      0.1582493782043457,
      -0.8407359719276428,
      -0.01765633001923561,
      0.517663300037384
    ],
    "fov": 4
  },
  "freeFlyCameraControl": {
    "positionSpeed": 1,
    "rotationSpeed": 0.05
  },
  "fov": 4,
  "timer": {
    "running": false,
    "elapsed": 16530
  },
  "accumulateControl": {
    "accumulate": false
  },
  "mouse": [
    691,
    680,
    false,
    0
  ],
  "r": [
    1070,
    1071
  ]
}