{
  "id": "skinfract51",
  "freeFlyCameraControl": {
    "positionSpeed": 0.25,
    "tiltSpeed": 10,
    "rotationSpeed": 0.025,
    "shiftModifier": 10,
    "up": [
      -0.93730724186377,
      0.24149232608053425,
      -0.25126984820451526
    ]
  },
  "camera": {
    "version": "3",
    "position": [
      -0.1376347839832306,
      -0.27322229743003845,
      0.4128005802631378
    ],
    "rotation": [
      0.38321733474731445,
      0.3594229221343994,
      -0.4791284501552582,
      -0.7032116055488586
    ],
    "fov": 8
  },
  "capture": {
    "fps": 30,
    "seconds": 6,
    "width": 1600,
    "height": 1600
  }
}