{
    "level1": {
        "enabled": [true],
        "spacing": [-10, 10, 1.6988734151155993],
        "offset": [0, 5, 1.5110669219638748]
    },
    "level2": {
        "enabled": [true],
        "spacing": [0, 10, 1.6988734151155993],
        "offset": [0, 5, 1.7867461779664062]
    },
    "level3": {
        "enabled": [true],
        "spacing": [0, 10, 0.9269714983085116],
        "offset": [0, 5, 2.8894632019765316]
    },
    "thickness": [0, 2, 0.6461369836917247],
    "normals": [true],
    "polar": [true]
}
