{
  "id": "skinfract16",
  "camera": {
    "rotation": [
      -0.20579689741134644,
      -0.023633448407053947,
      -0.03327889367938042,
      0.9777355790138245
    ],
    "position": [
      0.03464101367717376,
      -0.35338782294547855,
      0.6051828227209626
    ]
  },
  "view": {
    "0": 0.9966679215431213,
    "1": -0.05534853786230087,
    "2": 0.05991191416978836,
    "3": 0,
    "4": 0.07480330020189285,
    "5": 0.9130802750587463,
    "6": -0.4008569121360779,
    "7": 0,
    "8": -0.03251713886857033,
    "9": 0.4040028750896454,
    "10": 0.914178192615509,
    "11": 0,
    "12": 0.011587804183363914,
    "13": 0.08009319007396698,
    "14": -0.6969783306121826,
    "15": 1
  },
  "cameraMatrix": {
    "0": 0.9966679215431213,
    "1": -0.05534853786230087,
    "2": 0.05991191416978836,
    "3": 0,
    "4": 0.07480330020189285,
    "5": 0.9130802750587463,
    "6": -0.4008569121360779,
    "7": 0,
    "8": -0.03251713886857033,
    "9": 0.4040028750896454,
    "10": 0.914178192615509,
    "11": 0,
    "12": 0.011587804183363914,
    "13": 0.08009319007396698,
    "14": -0.6969783306121826,
    "15": 1
  },
  "cameraPosition": [
    0.03464101367717376,
    -0.35338782294547855,
    0.6051828227209626
  ],
  "timer": {
    "running": false,
    "elapsed": 16530
  },
  "accumulateControl": {
    "accumulate": false
  },
  "mouse": [
    691,
    680,
    false,
    0
  ],
  "r": [
    1070,
    1071
  ],
  "controls": {
    "closed": true,
    "rotPhaseX": {
      "type": "range",
      "controller": 11,
      "step": 0.0005,
      "min": 0,
      "max": 1,
      "value": 0.591
    },
    "rotPhaseY": {
      "type": "range",
      "controller": 12,
      "step": 0.0005,
      "min": 0,
      "max": 1,
      "value": 0.366
    },
    "rotPhaseZ": {
      "type": "range",
      "controller": 13,
      "step": 0.0005,
      "min": 0,
      "max": 1,
      "value": 0.5005000000000001
    },
    "animPhaseX": {
      "type": "range",
      "controller": 14,
      "step": 0.005,
      "min": -1,
      "max": 1,
      "value": -0.42
    },
    "animPhaseY": {
      "type": "range",
      "controller": 15,
      "step": 0.005,
      "min": -1,
      "max": 1,
      "value": 0.33
    },
    "animPhaseZ": {
      "type": "range",
      "controller": 16,
      "step": 0.005,
      "min": -1,
      "max": 1,
      "value": 0
    },
    "offsetX": {
      "type": "range",
      "step": 0.005,
      "min": 0,
      "max": 1,
      "value": 0.66
    },
    "offsetY": {
      "type": "range",
      "step": 0.005,
      "min": 0,
      "max": 1,
      "value": 0.37
    },
    "offsetZ": {
      "type": "range",
      "step": 0.005,
      "min": 0,
      "max": 1,
      "value": 0.18
    }
  }
}