{
    "id": "phyllotaxes2",
    "camera": {
      "rotation": [
        0.5372018218040466,
        -0.18755972385406494,
        -0.11948990821838379,
        0.813612699508667
      ],
      "position": [
        0.025,
        2.4,
        1.025
      ]
    },
    "fov": 2.02
}