{
  "id": "bloom-01",
  "camera": {
    "rotation": [
      -0.17417077720165253,
      0.9129637479782104,
      0.3552481532096863,
      -0.0992356389760971
    ],
    "position": [
      0.4815430690179028,
      7.419570263751893,
      -8.658837058506322
    ]
  },
  "view": {
    "0": -0.9194080829620361,
    "1": -0.38852977752685547,
    "2": 0.05744938924908638,
    "3": 0,
    "4": -0.2475166618824005,
    "5": 0.6869266033172607,
    "6": 0.6832252740859985,
    "7": 0,
    "8": -0.304944783449173,
    "9": 0.6140894889831543,
    "10": -0.727676510810852,
    "11": 0,
    "12": -0.3612653613090515,
    "13": 0.4076944887638092,
    "14": -11.397734642028809,
    "15": 1
  },
  "cameraMatrix": {
    "0": -0.9194080829620361,
    "1": -0.38852977752685547,
    "2": 0.05744938924908638,
    "3": 0,
    "4": -0.2475166618824005,
    "5": 0.6869266033172607,
    "6": 0.6832252740859985,
    "7": 0,
    "8": -0.304944783449173,
    "9": 0.6140894889831543,
    "10": -0.727676510810852,
    "11": 0,
    "12": -0.3612653613090515,
    "13": 0.4076944887638092,
    "14": -11.397734642028809,
    "15": 1
  },
  "cameraPosition": [
    0.4815430690179028,
    7.419570263751893,
    -8.658837058506322
  ],
  "timer": {
    "running": false,
    "elapsed": 0
  },
  "mouse": [
    199,
    169,
    false,
    0
  ],
  "r": [
    273,
    240
  ],
  "debugPlane": {}
}