{
    "id": "pt2-brutal-light17",
    "camera": {
      "rotation": [
        -0.08462506532669067,
        0.8950855135917664,
        0.22012177109718323,
        -0.37843137979507446
      ],
      "position": [
        26.666666666666668,
        20,
        -26.666666666666668
      ]
    },
    "fov": 2.23606797749979
}