{
    "id": "invertex-helix2",
    "timer": {
        "running": false,
        "elapsed": 0
    },
    "mouse": [
        412,
        81,
        false,
        0
    ],
    "cameraMatrix": {
        "0": -0.9547640681266785,
        "1": -0.7486792802810669,
        "2": 0.3229508697986603,
        "3": 0,
        "4": 0.5932535529136658,
        "5": -0.37502554059028625,
        "6": 0.95543372631073,
        "7": 0,
        "8": -0.5593461990356445,
        "9": 0.8392155170440674,
        "10": 0.39978843927383423,
        "11": 0,
        "12": 0.2539556920528412,
        "13": 0.5321871042251587,
        "14": 0.25620508193969727,
        "15": 1
    },
    "controls": {
        "zoom": {
            "type": "range",
            "controller": 18,
            "step": 0.1,
            "min": 0.2,
            "max": 6,
            "value": 0.6000000000000001
        },
        "offset": {
            "type": "range",
            "controller": 17,
            "step": 0.005,
            "min": -1,
            "max": 1,
            "value": 0.185
        },
        "level1": {
            "enabled": {
                "type": "toggle",
                "note": "G#0",
                "value": true
            },
            "lead": {
                "type": "range",
                "controller": 11,
                "step": 0.0025,
                "min": 0,
                "max": 1,
                "value": 0.2475
            },
            "radius": {
                "type": "range",
                "controller": 12,
                "step": 0.002,
                "min": 0,
                "max": 1,
                "value": 0.09
            }
        },
        "level2": {
            "enabled": {
                "type": "toggle",
                "note": "A#0",
                "value": true
            },
            "lead": {
                "type": "range",
                "controller": 13,
                "step": 0.0025,
                "min": 0,
                "max": 1,
                "value": 0.23500000000000001
            },
            "radius": {
                "type": "range",
                "controller": 14,
                "step": 0.002,
                "min": 0,
                "max": 1,
                "value": 0.228
            }
        },
        "level3": {
            "enabled": {
                "type": "toggle",
                "note": "C1",
                "value": true
            },
            "lead": {
                "type": "range",
                "controller": 15,
                "step": 0.0025,
                "min": 0,
                "max": 1,
                "value": 0.25
            },
            "radius": {
                "type": "range",
                "controller": 16,
                "step": 0.002,
                "min": 0,
                "max": 1,
                "value": 0.074
            }
        }
    }
}