{
    "id": "helix2",
    "timer": {
        "running": false,
        "elapsed": 490
    },
    "mouse": [
        237,
        347,
        false,
        0
    ],
    "cameraMatrix": {
        "0": 0.801808774471283,
        "1": -0.5146322250366211,
        "2": 0.30373725295066833,
        "3": 0,
        "4": 0.2718026340007782,
        "5": 0.766730785369873,
        "6": 0.5815902352333069,
        "7": 0,
        "8": -0.5321897864341736,
        "9": -0.3837675452232361,
        "10": 0.7546499371528625,
        "11": 0,
        "12": 0.06925918906927109,
        "13": 0.17982861399650574,
        "14": 0.2271726429462433,
        "15": 1
    },
    "showControls": true,
    "controls": {
        "zoom": {
            "type": "range",
            "controller": 18,
            "step": 0.1,
            "min": 0.2,
            "max": 6,
            "value": 2.6
        },
        "rotate": {
            "type": "range",
            "controller": 17,
            "step": 0.005,
            "min": -2,
            "max": 2,
            "value": 0.010000000000003319
        },
        "level1": {
            "enabled": {
                "type": "toggle",
                "note": "G#0",
                "value": true
            },
            "lead": {
                "type": "range",
                "controller": 11,
                "step": 0.0025,
                "min": 0,
                "max": 1,
                "value": 0.32749999999999907
            },
            "radius": {
                "type": "range",
                "controller": 12,
                "step": 0.002,
                "min": 0,
                "max": 1,
                "value": 0.30200000000000016
            }
        },
        "level2": {
            "enabled": {
                "type": "toggle",
                "note": "A#0",
                "value": true
            },
            "lead": {
                "type": "range",
                "controller": 13,
                "step": 0.0025,
                "min": 0,
                "max": 1,
                "value": 0.2575000000000016
            },
            "radius": {
                "type": "range",
                "controller": 14,
                "step": 0.002,
                "min": 0,
                "max": 1,
                "value": 0.5060000000000003
            }
        },
        "level3": {
            "enabled": {
                "type": "toggle",
                "note": "C1",
                "value": true
            },
            "lead": {
                "type": "range",
                "controller": 15,
                "step": 0.0025,
                "min": 0,
                "max": 1,
                "value": 0.24999999999999994
            },
            "radius": {
                "type": "range",
                "controller": 16,
                "step": 0.002,
                "min": 0,
                "max": 1,
                "value": 0.7179999999999997
            }
        }
    }
}