{
    "timer": {
        "running": false,
        "elapsed": 720
    },
    "mouse": [
        586,
        262,
        false,
        0
    ],
    "cameraMatrix": {
        "0": 0.7895632982254028,
        "1": -0.5124828219413757,
        "2": 0.3375667333602905,
        "3": 0,
        "4": 0.33211371302604675,
        "5": 0.8194094896316528,
        "6": 0.4671923518180847,
        "7": 0,
        "8": -0.5160333514213562,
        "9": -0.25676751136779785,
        "10": 0.8171781897544861,
        "11": 0,
        "12": 0.22929762303829193,
        "13": 0.25393885374069214,
        "14": 0.48283112049102783,
        "15": 1
    },
    "showControls": true,
    "controls": {
        "zoom": [
            {
                "midi": "pot8",
                "step": 0.1
            },
            0.2,
            3,
            1.2000000000000006
        ],
        "rotate": [
            {
                "midi": "pot7",
                "step": 0.005
            },
            0,
            1,
            0.8300000000000004
        ],
        "level1": {
            "enabled": [
                {
                    "midi": "toggle1"
                },
                true
            ],
            "lead": [
                {
                    "midi": "pot1",
                    "step": 0.0025
                },
                0,
                1,
                0.24000000000000027
            ],
            "radius": [
                {
                    "midi": "pot2",
                    "step": 0.002
                },
                0,
                1,
                0.20399999999999985
            ]
        },
        "level2": {
            "enabled": [
                {
                    "midi": "toggle2"
                },
                true
            ],
            "lead": [
                {
                    "midi": "pot3",
                    "step": 0.0025
                },
                0,
                1,
                0.49500000000000044
            ],
            "radius": [
                {
                    "midi": "pot4",
                    "step": 0.002
                },
                0,
                1,
                0.4459999999999995
            ]
        },
        "level3": {
            "enabled": [
                {
                    "midi": "toggle3"
                },
                true
            ],
            "lead": [
                {
                    "midi": "pot5",
                    "step": 0.0025
                },
                0,
                1,
                0.24750000000000016
            ],
            "radius": [
                {
                    "midi": "pot6",
                    "step": 0.002
                },
                0,
                1,
                0.42000000000000026
            ]
        }
    },
    "midiSlots": {
        "pot1": {
            "channel": 11,
            "controller": 11
        },
        "pot2": {
            "channel": 11,
            "controller": 12
        },
        "pot3": {
            "channel": 11,
            "controller": 13
        },
        "pot4": {
            "channel": 11,
            "controller": 14
        },
        "pot5": {
            "channel": 11,
            "controller": 15
        },
        "pot6": {
            "channel": 11,
            "controller": 16
        },
        "pot7": {
            "channel": 11,
            "controller": 17
        },
        "pot8": {
            "channel": 11,
            "controller": 18
        },
        "toggle1": {
            "channel": 11,
            "note": "G#0"
        },
        "toggle2": {
            "channel": 11,
            "note": "A#0"
        },
        "toggle3": {
            "channel": 11,
            "note": "C1"
        }
    }
}