{
    "timer": {
        "running": false,
        "elapsed": 490
    },
    "mouse": [
        237,
        347,
        false,
        0
    ],
    "cameraMatrix": {
        "0": 0.801808774471283,
        "1": -0.5146322250366211,
        "2": 0.30373725295066833,
        "3": 0,
        "4": 0.2718026340007782,
        "5": 0.766730785369873,
        "6": 0.5815902352333069,
        "7": 0,
        "8": -0.5321897864341736,
        "9": -0.3837675452232361,
        "10": 0.7546499371528625,
        "11": 0,
        "12": 0.06925918906927109,
        "13": 0.17982861399650574,
        "14": 0.2271726429462433,
        "15": 1
    },
    "showControls": true,
    "controls": {
        "zoom": [
            {
                "midi": "pot8",
                "step": 0.1
            },
            0.2,
            6,
            2.6000000000000014
        ],
        "rotate": [
            {
                "midi": "pot7",
                "step": 0.005
            },
            -2,
            2,
            0.010000000000003319
        ],
        "level1": {
            "enabled": [
                {
                    "midi": "toggle1"
                },
                true
            ],
            "lead": [
                {
                    "midi": "pot1",
                    "step": 0.0025
                },
                0,
                1,
                0.32749999999999907
            ],
            "radius": [
                {
                    "midi": "pot2",
                    "step": 0.002
                },
                0,
                1,
                0.30200000000000016
            ]
        },
        "level2": {
            "enabled": [
                {
                    "midi": "toggle2"
                },
                true
            ],
            "lead": [
                {
                    "midi": "pot3",
                    "step": 0.0025
                },
                0,
                1,
                0.2575000000000016
            ],
            "radius": [
                {
                    "midi": "pot4",
                    "step": 0.002
                },
                0,
                1,
                0.5060000000000003
            ]
        },
        "level3": {
            "enabled": [
                {
                    "midi": "toggle3"
                },
                true
            ],
            "lead": [
                {
                    "midi": "pot5",
                    "step": 0.0025
                },
                0,
                1,
                0.24999999999999994
            ],
            "radius": [
                {
                    "midi": "pot6",
                    "step": 0.002
                },
                0,
                1,
                0.7179999999999997
            ]
        }
    },
    "midiSlots": {
        "pot1": {
            "channel": 11,
            "controller": 11
        },
        "pot2": {
            "channel": 11,
            "controller": 12
        },
        "pot3": {
            "channel": 11,
            "controller": 13
        },
        "pot4": {
            "channel": 11,
            "controller": 14
        },
        "pot5": {
            "channel": 11,
            "controller": 15
        },
        "pot6": {
            "channel": 11,
            "controller": 16
        },
        "pot7": {
            "channel": 11,
            "controller": 17
        },
        "pot8": {
            "channel": 11,
            "controller": 18
        },
        "toggle1": {
            "channel": 11,
            "note": "G#0"
        },
        "toggle2": {
            "channel": 11,
            "note": "A#0"
        },
        "toggle3": {
            "channel": 11,
            "note": "C1"
        }
    }
}