{
  "id": "mush002",
  "camera": {
    "rotation": [
      -0.130418598651886,
      0.7598240971565247,
      -0.060620538890361786,
      -0.6338611245155334
    ],
    "position": [
      0.10436205507977547,
      0.02720104729249684,
      -0.00917358045904848
    ]
  },
  "view": {
    "0": -0.16201502084732056,
    "1": -0.12134037911891937,
    "2": 0.979058027267456,
    "3": 0,
    "4": -0.2750403881072998,
    "5": 0.9586322903633118,
    "6": 0.07321266829967499,
    "7": 0,
    "8": -0.9474338293075562,
    "9": -0.2574564516544342,
    "10": -0.18868334591388702,
    "11": 0,
    "12": 0.015698246657848358,
    "13": -0.01577426865696907,
    "14": -0.10589887201786041,
    "15": 1
  },
  "cameraMatrix": {
    "0": -0.16201502084732056,
    "1": -0.12134037911891937,
    "2": 0.979058027267456,
    "3": 0,
    "4": -0.2750403881072998,
    "5": 0.9586322903633118,
    "6": 0.07321266829967499,
    "7": 0,
    "8": -0.9474338293075562,
    "9": -0.2574564516544342,
    "10": -0.18868334591388702,
    "11": 0,
    "12": 0.015698246657848358,
    "13": -0.01577426865696907,
    "14": -0.10589887201786041,
    "15": 1
  },
  "cameraPosition": [
    0.10436205507977547,
    0.02720104729249684,
    -0.00917358045904848
  ],
  "timer": {
    "running": false,
    "elapsed": 28434.22500004992
  },
  "mouse": [
    311,
    194,
    false,
    0
  ],
  "r": [
    160,
    90
  ],
  "debugPlane": {}
}