{
  "id": "mush002",
  "camera": {
    "rotation": [
      -0.15419204533100128,
      0.7804486751556396,
      -0.035468582063913345,
      -0.6047003269195557
    ],
    "position": [
      1.0634452795227958,
      0.3306113698434139,
      -0.26168003030676346
    ]
  },
  "view": {
    "0": -0.22071631252765656,
    "1": -0.1977822333574295,
    "2": 0.9548130631446838,
    "3": 0,
    "4": -0.2835736870765686,
    "5": 0.9499335885047913,
    "6": 0.13111715018749237,
    "7": 0,
    "8": -0.9329372048377991,
    "9": -0.24184277653694153,
    "10": -0.2657506465911865,
    "11": 0,
    "12": 0.0843413770198822,
    "13": -0.16701368987560272,
    "14": -1.1282819509506226,
    "15": 1
  },
  "cameraMatrix": {
    "0": -0.22071631252765656,
    "1": -0.1977822333574295,
    "2": 0.9548130631446838,
    "3": 0,
    "4": -0.2835736870765686,
    "5": 0.9499335885047913,
    "6": 0.13111715018749237,
    "7": 0,
    "8": -0.9329372048377991,
    "9": -0.24184277653694153,
    "10": -0.2657506465911865,
    "11": 0,
    "12": 0.0843413770198822,
    "13": -0.16701368987560272,
    "14": -1.1282819509506226,
    "15": 1
  },
  "cameraPosition": [
    1.0634452795227958,
    0.3306113698434139,
    -0.26168003030676346
  ],
  "timer": {
    "running": false,
    "elapsed": 14179.520000042394
  },
  "mouse": [
    320,
    163,
    false,
    0
  ],
  "r": [
    160,
    90
  ],
  "debugPlane": {}
}