{
  "id": "mush004",
  "camera": {
    "rotation": [
      -0.1132141724228859,
      0.8932903409004211,
      -0.07539813965559006,
      -0.42813780903816223
    ],
    "position": [
      0.5946915241682404,
      0.18405854948085576,
      -0.3723775673852856
    ]
  },
  "view": {
    "0": -0.6073050498962402,
    "1": -0.13770467042922974,
    "2": 0.7819750308990479,
    "3": 0,
    "4": -0.26682785153388977,
    "5": 0.9629953503608704,
    "6": -0.03776232525706291,
    "7": 0,
    "8": -0.7478304505348206,
    "9": -0.23164740204811096,
    "10": -0.6215701699256897,
    "11": 0,
    "12": 0.13179582357406616,
    "13": -0.18161602318286896,
    "14": -0.6895422339439392,
    "15": 1
  },
  "cameraMatrix": {
    "0": -0.6073050498962402,
    "1": -0.13770467042922974,
    "2": 0.7819750308990479,
    "3": 0,
    "4": -0.26682785153388977,
    "5": 0.9629953503608704,
    "6": -0.03776232525706291,
    "7": 0,
    "8": -0.7478304505348206,
    "9": -0.23164740204811096,
    "10": -0.6215701699256897,
    "11": 0,
    "12": 0.13179582357406616,
    "13": -0.18161602318286896,
    "14": -0.6895422339439392,
    "15": 1
  },
  "cameraPosition": [
    0.5946915241682404,
    0.18405854948085576,
    -0.3723775673852856
  ],
  "timer": {
    "running": false,
    "elapsed": 67886.36999990791
  },
  "mouse": [
    418,
    187,
    false,
    0
  ],
  "r": [
    160,
    90
  ],
  "debugPlane": {}
}