{
  "id": "skinfract2-19",
  "camera": {
    "rotation": [
      -0.04193068668246269,
      -0.3745180070400238,
      -0.5993408560752869,
      0.7062785625457764
    ],
    "position": [
      -0.12775695012325572,
      0.19714696185001945,
      -0.2085188026269058
    ]
  },
  "view": {
    "0": 0.0010536012705415487,
    "1": -0.815195620059967,
    "2": 0.5792896151542664,
    "3": 0,
    "4": 0.8780108094215393,
    "5": 0.27806469798088074,
    "6": 0.3896983861923218,
    "7": 0,
    "8": -0.478766530752182,
    "9": 0.5081573724746704,
    "10": 0.7159561514854431,
    "11": 0,
    "12": -0.2727943956851959,
    "13": -0.05300615355372429,
    "14": 0.14647074043750763,
    "15": 1
  },
  "cameraMatrix": {
    "0": 0.0010536012705415487,
    "1": -0.815195620059967,
    "2": 0.5792896151542664,
    "3": 0,
    "4": 0.8780108094215393,
    "5": 0.27806469798088074,
    "6": 0.3896983861923218,
    "7": 0,
    "8": -0.478766530752182,
    "9": 0.5081573724746704,
    "10": 0.7159561514854431,
    "11": 0,
    "12": -0.2727943956851959,
    "13": -0.05300615355372429,
    "14": 0.14647074043750763,
    "15": 1
  },
  "cameraPosition": [
    -0.12775695012325572,
    0.19714696185001945,
    -0.2085188026269058
  ],
  "timer": {
    "running": false,
    "elapsed": 2866150.8999996185
  },
  "accumulateControl": {
    "accumulate": false
  },
  "mouse": [
    277,
    206,
    false,
    0
  ],
  "r": [
    289,
    271
  ],
  "controls": {
    "closed": true,
    "rotPhaseX": {
      "type": "range",
      "controller": 11,
      "step": 0.0005,
      "min": 0,
      "max": 1,
      "value": 0.6145
    },
    "rotPhaseY": {
      "type": "range",
      "controller": 12,
      "step": 0.0005,
      "min": 0,
      "max": 1,
      "value": 0.3955
    },
    "rotPhaseZ": {
      "type": "range",
      "controller": 13,
      "step": 0.0005,
      "min": 0,
      "max": 1,
      "value": 0.5710000000000001
    },
    "animPhaseX": {
      "type": "range",
      "step": 0.005,
      "min": -1,
      "max": 1,
      "value": -0.42
    },
    "animPhaseY": {
      "type": "range",
      "step": 0.005,
      "min": -1,
      "max": 1,
      "value": 0.33
    },
    "animPhaseZ": {
      "type": "range",
      "step": 0.005,
      "min": -1,
      "max": 1,
      "value": 0
    },
    "offsetX": {
      "type": "range",
      "controller": 14,
      "step": 0.005,
      "min": 0,
      "max": 1,
      "value": 0.455
    },
    "offsetY": {
      "type": "range",
      "controller": 15,
      "step": 0.005,
      "min": 0,
      "max": 1,
      "value": 0.065
    },
    "offsetZ": {
      "type": "range",
      "controller": 16,
      "step": 0.005,
      "min": 0,
      "max": 1,
      "value": 0.275
    }
  },
  "capture": {
    "fps": 100,
    "seconds": 1,
    "width": 1600,
    "height": 1600
  }
}