{
  "id": "peelfractal31d",
  "camera": {
    "rotation": [
      0.03146904706954956,
      -0.0977364331483841,
      -0.08916409313678741,
      -0.9902371168136597
    ],
    "position": [
      -0.309618441342991,
      -0.11948526853427666,
      0.856285186128531
    ]
  },
  "view": {
    "0": 0.9649947285652161,
    "1": 0.1704358458518982,
    "2": -0.19917631149291992,
    "3": 0,
    "4": -0.1827385276556015,
    "5": 0.9821189045906067,
    "6": -0.04489447548985481,
    "7": 0,
    "8": 0.1879526674747467,
    "9": 0.07975279539823532,
    "10": 0.9789145588874817,
    "11": 0,
    "12": 0.11600451171398163,
    "13": 0.10182768106460571,
    "14": -0.9052629470825195,
    "15": 1
  },
  "cameraMatrix": {
    "0": 0.9649947285652161,
    "1": 0.1704358458518982,
    "2": -0.19917631149291992,
    "3": 0,
    "4": -0.1827385276556015,
    "5": 0.9821189045906067,
    "6": -0.04489447548985481,
    "7": 0,
    "8": 0.1879526674747467,
    "9": 0.07975279539823532,
    "10": 0.9789145588874817,
    "11": 0,
    "12": 0.11600451171398163,
    "13": 0.10182768106460571,
    "14": -0.9052629470825195,
    "15": 1
  },
  "cameraPosition": [
    -0.309618441342991,
    -0.11948526853427666,
    0.856285186128531
  ],
  "timer": {
    "running": false,
    "elapsed": 2560
  },
  "mouse": [
    380,
    182,
    false,
    0
  ],
  "r": [
    177,
    99
  ],
  "controls": {
    "closed": true,
    "plodeDistance": {
      "type": "range",
      "step": 0.01,
      "min": 0,
      "max": 0.8,
      "value": 0.41000000000000003
    },
    "camDistance": {
      "type": "range",
      "step": 0.01,
      "min": 0,
      "max": 2,
      "value": 0.71
    },
    "camLookDown": {
      "type": "range",
      "step": 0.01,
      "min": 0,
      "max": 2,
      "value": 1.43
    },
    "rand": {
      "type": "range",
      "step": 0.01,
      "min": 0,
      "max": 3,
      "value": 1.17,
      "hotkeyUp": "]",
      "hotkeyDown": "["
    },
    "blend": {
      "type": "toggle",
      "value": false
    },
    "split": {
      "type": "toggle",
      "value": false
    },
    "neck": {
      "type": "toggle",
      "value": false
    },
    "debug": {
      "type": "toggle",
      "value": false
    },
    "anotherLevel": {
      "type": "toggle",
      "value": false
    },
    "multiscreen": {
      "type": "toggle",
      "value": false
    },
    "edit": {
      "type": "toggle",
      "value": false
    },
    "loop": {
      "type": "toggle",
      "value": true
    },
    "fixedCamera": {
      "type": "toggle",
      "value": false
    },
    "step": {
      "0": {
        "type": "toggle",
        "value": true
      },
      "1": {
        "type": "toggle",
        "value": true
      },
      "2": {
        "type": "toggle",
        "value": true
      },
      "3": {
        "type": "toggle",
        "value": true
      },
      "closed": true
    }
  }
}