{
  "id": "plode-2_2",
  "camera": {
    "rotation": [
      -0.01688377745449543,
      -0.00628739083185792,
      -0.019803699105978012,
      -0.9991694092750549
    ],
    "position": [
      -0.03916409192379433,
      -0.001088473948925639,
      0.7872059484876957
    ]
  },
  "view": {
    "0": 0.9991365671157837,
    "1": 0.03978681191802025,
    "2": -0.011895614676177502,
    "3": 0,
    "4": -0.039362192153930664,
    "5": 0.9986454844474792,
    "6": 0.03398853540420532,
    "7": 0,
    "8": 0.013233060017228127,
    "9": -0.03349047899246216,
    "10": 0.9993507862091064,
    "11": 0,
    "12": 0.028670288622379303,
    "13": 0.029009118676185608,
    "14": -0.7871237397193909,
    "15": 1
  },
  "cameraMatrix": {
    "0": 0.9991365671157837,
    "1": 0.03978681191802025,
    "2": -0.011895614676177502,
    "3": 0,
    "4": -0.039362192153930664,
    "5": 0.9986454844474792,
    "6": 0.03398853540420532,
    "7": 0,
    "8": 0.013233060017228127,
    "9": -0.03349047899246216,
    "10": 0.9993507862091064,
    "11": 0,
    "12": 0.028670288622379303,
    "13": 0.029009118676185608,
    "14": -0.7871237397193909,
    "15": 1
  },
  "cameraPosition": [
    -0.03916409192379433,
    -0.001088473948925639,
    0.7872059484876957
  ],
  "timer": {
    "running": false,
    "elapsed": 0
  },
  "mouse": [
    441,
    157,
    false,
    0
  ],
  "r": [
    183,
    106
  ],
  "controls": {
    "closed": true,
    "plodeDistance": {
      "type": "range",
      "step": 0.01,
      "min": 0,
      "max": 0.8,
      "value": 0.41000000000000003
    },
    "camDistance": {
      "type": "range",
      "step": 0.01,
      "min": 0,
      "max": 2,
      "value": 1.3800000000000001
    },
    "camLookDown": {
      "type": "range",
      "step": 0.01,
      "min": 0,
      "max": 2,
      "value": 1.25
    },
    "focusX": {
      "type": "range",
      "step": 0.01,
      "min": -1,
      "max": 1,
      "value": 0
    },
    "focusY": {
      "type": "range",
      "step": 0.01,
      "min": -1,
      "max": 1,
      "value": -0.04
    },
    "debug": {
      "type": "toggle",
      "value": false
    },
    "fixedCamera": {
      "type": "toggle",
      "value": true
    },
    "step": {
      "0": {
        "type": "toggle",
        "value": true
      },
      "1": {
        "type": "toggle",
        "value": true
      },
      "2": {
        "type": "toggle",
        "value": true
      },
      "3": {
        "type": "toggle",
        "value": true
      },
      "closed": true
    }
  }
}