{
  "id": "doug-01",
  "camera": {
    "rotation": [
      -0.03742263466119766,
      0.6592315435409546,
      -0.2793828845024109,
      0.6969834566116333
    ],
    "position": [
      -2.3478037635024975,
      -0.8682220776671556,
      -0.020198745761717873
    ]
  },
  "view": {
    "0": -0.02528204768896103,
    "1": -0.43879085779190063,
    "2": -0.8980364799499512,
    "3": 0,
    "4": 0.3401101231575012,
    "5": 0.8410894870758057,
    "6": -0.42052194476127625,
    "7": 0,
    "8": 0.9398574233055115,
    "9": -0.31619009375572205,
    "10": 0.12802663445472717,
    "11": 0,
    "12": 0.25491777062416077,
    "13": -0.30632904171943665,
    "14": -2.4709339141845703,
    "15": 1
  },
  "cameraMatrix": {
    "0": -0.02528204768896103,
    "1": -0.43879085779190063,
    "2": -0.8980364799499512,
    "3": 0,
    "4": 0.3401101231575012,
    "5": 0.8410894870758057,
    "6": -0.42052194476127625,
    "7": 0,
    "8": 0.9398574233055115,
    "9": -0.31619009375572205,
    "10": 0.12802663445472717,
    "11": 0,
    "12": 0.25491777062416077,
    "13": -0.30632904171943665,
    "14": -2.4709339141845703,
    "15": 1
  },
  "cameraPosition": [
    -2.3478037635024975,
    -0.8682220776671556,
    -0.020198745761717873
  ],
  "timer": {
    "running": false,
    "elapsed": 2010
  },
  "mouse": [
    481,
    334,
    false,
    0
  ],
  "r": [
    830,
    484
  ],
  "debugPlane": {},
  "controls": {
    "closed": true,
    "transformX": {
      "type": "range",
      "controller": 11,
      "step": 0.01,
      "min": -2,
      "max": 2,
      "value": -0.05
    },
    "transformY": {
      "type": "range",
      "controller": 12,
      "step": 0.01,
      "min": -2,
      "max": 2,
      "value": -0.03
    },
    "transformZ": {
      "type": "range",
      "controller": 13,
      "step": 0.01,
      "min": -2,
      "max": 2,
      "value": -0.04
    },
    "rotateX": {
      "type": "range",
      "controller": 14,
      "loop": true,
      "step": 0.01,
      "min": -1,
      "max": 1,
      "value": 0.9
    },
    "rotateY": {
      "type": "range",
      "controller": 15,
      "loop": true,
      "step": 0.01,
      "min": -1,
      "max": 1,
      "value": -0.8
    },
    "rotateZ": {
      "type": "range",
      "controller": 16,
      "loop": true,
      "step": 0.01,
      "min": -1,
      "max": 1,
      "value": -0.48
    },
    "scale": {
      "type": "range",
      "controller": 17,
      "step": 0.01,
      "min": 0,
      "max": 2,
      "value": 0.91
    },
    "iterations": {
      "type": "range",
      "controller": 18,
      "step": 1,
      "min": 1,
      "max": 20,
      "value": 20
    },
    "time": {
      "type": "range",
      "controller": 10,
      "min": 0,
      "max": 1,
      "value": 0.011764705882352941,
      "step": 0.00392156862745098
    }
  }
}