{
    "id": "invertex-torus11",
    "timer": {
        "running": false,
        "elapsed": 5514.4999999993015
    },
    "mouse": [
        242,
        167,
        false,
        0
    ],
    "cameraMatrix": {
        "0": -0.7621785998344421,
        "1": 0.5743699073791504,
        "2": -0.2985069155693054,
        "3": 0,
        "4": -0.03736431896686554,
        "5": 0.42135560512542725,
        "6": 0.9061115980148315,
        "7": 0,
        "8": 0.6462283730506897,
        "9": 0.7018073201179504,
        "10": -0.29966461658477783,
        "11": 0,
        "12": 0.23729820549488068,
        "13": 1.9596490859985352,
        "14": -0.9026427865028381,
        "15": 1
    },
    "positionSpeed": 1,
    "rotationSpeed": 5,
    "controls": {
        "closed": true,
        "smallRadius": {
            "type": "range",
            "controller": 11,
            "step": 0.001,
            "min": 0,
            "max": 2,
            "value": 0.41100000000000003
        },
        "largeRadius": {
            "type": "range",
            "controller": 12,
            "step": 0.001,
            "min": 0,
            "max": 4,
            "value": 0.778
        },
        "offset": {
            "x": {
                "type": "range",
                "controller": 13,
                "step": 0.001,
                "min": -1,
                "max": 1,
                "value": -0.222
            },
            "y": {
                "type": "range",
                "controller": 14,
                "step": 0.001,
                "min": -1,
                "max": 1,
                "value": 0
            },
            "z": {
                "type": "range",
                "controller": 15,
                "step": 0.001,
                "min": -1,
                "max": 1,
                "value": 0
            }
        },
        "rotate": {
            "x": {
                "type": "range",
                "controller": 16,
                "step": 0.001,
                "min": -1,
                "max": 1,
                "value": 0
            },
            "y": {
                "type": "range",
                "controller": 17,
                "step": 0.001,
                "min": -1,
                "max": 1,
                "value": 0
            },
            "z": {
                "type": "range",
                "controller": 18,
                "step": 0.001,
                "min": -1,
                "max": 1,
                "value": 0
            }
        }
    }
}