{
  "id": "clifford-eye-0",
  "camera": {
    "version": "3",
    "position": [
      0,
      0.74,
      2.31
    ],
    "rotation": [
      -0.1581578105688095,
      -2.672454701979632e-9,
      -2.5560567551430324e-10,
      0.9874120354652405
    ],
    "fov": 0.8
  },
  "freeFlyCameraControl": {
    "positionSpeed": 2,
    "rotationSpeed": 0.3
  }
}