{
  "id": "tet-zoom-17",
  "camera": {
    "rotation": [
      0.5654220581054688,
      0.0572209507226944,
      -0.08764714002609253,
      0.8181332945823669
    ],
    "position": [
      -1.8314723544170644,
      8.695851623235068,
      3.364201580299479
    ]
  },
  "view": {
    "0": 0.9780874848365784,
    "1": -0.07870610803365707,
    "2": -0.19274398684501648,
    "3": 0,
    "4": 0.20812205970287323,
    "5": 0.3452317416667938,
    "6": 0.9151507019996643,
    "7": 0,
    "8": -0.005486522801220417,
    "9": -0.935211718082428,
    "10": 0.35404732823371887,
    "11": 0,
    "12": -4.901630745735019e-7,
    "13": 0.00000874467059475137,
    "14": -9.502106666564941,
    "15": 1
  },
  "cameraMatrix": {
    "0": 0.9780874848365784,
    "1": -0.07870610803365707,
    "2": -0.19274398684501648,
    "3": 0,
    "4": 0.20812205970287323,
    "5": 0.3452317416667938,
    "6": 0.9151507019996643,
    "7": 0,
    "8": -0.005486522801220417,
    "9": -0.935211718082428,
    "10": 0.35404732823371887,
    "11": 0,
    "12": -4.901630745735019e-7,
    "13": 0.00000874467059475137,
    "14": -9.502106666564941,
    "15": 1
  },
  "cameraPosition": [
    -1.8314723544170644,
    8.695851623235068,
    3.364201580299479
  ],
  "timer": {
    "running": false,
    "elapsed": 0
  },
  "mouse": [
    428,
    400,
    false,
    0
  ],
  "r": [
    751,
    751
  ],
  "debugPlane": {
    "matrix": [
      0.029252737760543823,
      -0.0601826049387455,
      0.9973041415214539,
      0,
      -0.07926946133375168,
      -0.994243323802948,
      -0.05773808807134628,
      0,
      0.9959688186645508,
      -0.07742989808320999,
      -0.03295261785387993,
      0,
      -0.5055564045906067,
      0.07833591848611832,
      -0.7696729302406311,
      1
    ],
    "position": [
      0.7873643587110113,
      -0.00656005035256868,
      0.4839547615601134
    ]
  },
  "fov": 3
}