{
  "id": "tet-zoom-10",
  "camera": {
    "rotation": [
      0.2708817422389984,
      -0.65376877784729,
      -0.6486738324165344,
      -0.27880749106407166
    ],
    "position": [
      -2.6132633676205383,
      2.446853032758149,
      -0.020201137577103623
    ]
  },
  "view": {
    "0": -0.6963827013969421,
    "1": 0.007522196508944035,
    "2": -0.7159790396690369,
    "3": 0,
    "4": -0.7158982753753662,
    "5": 0.011690681800246239,
    "6": 0.6971176862716675,
    "7": 0,
    "8": 0.013123469427227974,
    "9": 0.9992130994796753,
    "10": -0.0015810662880539894,
    "11": 0,
    "12": -0.06786850839853287,
    "13": 0.011237342841923237,
    "14": -3.5768182277679443,
    "15": 1
  },
  "cameraMatrix": {
    "0": -0.6963827013969421,
    "1": 0.007522196508944035,
    "2": -0.7159790396690369,
    "3": 0,
    "4": -0.7158982753753662,
    "5": 0.011690681800246239,
    "6": 0.6971176862716675,
    "7": 0,
    "8": 0.013123469427227974,
    "9": 0.9992130994796753,
    "10": -0.0015810662880539894,
    "11": 0,
    "12": -0.06786850839853287,
    "13": 0.011237342841923237,
    "14": -3.5768182277679443,
    "15": 1
  },
  "cameraPosition": [
    -2.6132633676205383,
    2.446853032758149,
    -0.020201137577103623
  ],
  "timer": {
    "running": false,
    "elapsed": 0
  },
  "mouse": [
    434,
    210,
    false,
    0
  ],
  "r": [
    383,
    262
  ],
  "debugPlane": {
    "matrix": [
      0.029252737760543823,
      -0.0601826049387455,
      0.9973041415214539,
      0,
      -0.07926946133375168,
      -0.994243323802948,
      -0.05773808807134628,
      0,
      0.9959688186645508,
      -0.07742989808320999,
      -0.03295261785387993,
      0,
      -0.5055564045906067,
      0.07833591848611832,
      -0.7696729302406311,
      1
    ],
    "position": [
      0.7873643587110113,
      -0.00656005035256868,
      0.4839547615601134
    ]
  },
  "fov": 1.3
}