{
  "id": "tet-zoom-16",
  "camera": {
    "rotation": [
      0.5618982315063477,
      0.08512704074382782,
      -0.047059834003448486,
      0.8214678764343262
    ],
    "position": [
      -1.8314723544170644,
      8.695851623235068,
      3.364201580299479
    ]
  },
  "view": {
    "0": 0.9810774922370911,
    "1": 0.018349183723330498,
    "2": -0.1927439272403717,
    "3": 0,
    "4": 0.17298175394535065,
    "5": 0.3641115128993988,
    "6": 0.9151505827903748,
    "7": 0,
    "8": 0.08697258681058884,
    "9": -0.9311748147010803,
    "10": 0.3540475368499756,
    "11": 0,
    "12": -5.791969783786044e-7,
    "13": 0.000006192188720888225,
    "14": -9.502105712890625,
    "15": 1
  },
  "cameraMatrix": {
    "0": 0.9810774922370911,
    "1": 0.018349183723330498,
    "2": -0.1927439272403717,
    "3": 0,
    "4": 0.17298175394535065,
    "5": 0.3641115128993988,
    "6": 0.9151505827903748,
    "7": 0,
    "8": 0.08697258681058884,
    "9": -0.9311748147010803,
    "10": 0.3540475368499756,
    "11": 0,
    "12": -5.791969783786044e-7,
    "13": 0.000006192188720888225,
    "14": -9.502105712890625,
    "15": 1
  },
  "cameraPosition": [
    -1.8314723544170644,
    8.695851623235068,
    3.364201580299479
  ],
  "timer": {
    "running": false,
    "elapsed": 3950
  },
  "mouse": [
    509,
    316,
    false,
    0
  ],
  "r": [
    785,
    748
  ],
  "debugPlane": {
    "matrix": [
      0.029252737760543823,
      -0.0601826049387455,
      0.9973041415214539,
      0,
      -0.07926946133375168,
      -0.994243323802948,
      -0.05773808807134628,
      0,
      0.9959688186645508,
      -0.07742989808320999,
      -0.03295261785387993,
      0,
      -0.5055564045906067,
      0.07833591848611832,
      -0.7696729302406311,
      1
    ],
    "position": [
      0.7873643587110113,
      -0.00656005035256868,
      0.4839547615601134
    ]
  },
  "fov": 3
}