{
  "id": "tet-zoom-13",
  "camera": {
    "rotation": [
      -0.5948367714881897,
      -0.19509257376194,
      -0.03485546633601189,
      -0.7785471677780151
    ],
    "position": [
      -1.2723344102849747,
      4.909856666247428,
      1.1571896990150634
    ]
  },
  "view": {
    "0": 0.9214479923248291,
    "1": 0.2863697111606598,
    "2": -0.2623109221458435,
    "3": 0,
    "4": 0.1778232306241989,
    "5": 0.28990861773490906,
    "6": 0.9398170709609985,
    "7": 0,
    "8": 0.3452441692352295,
    "9": -0.9126169085502625,
    "10": 0.21621620655059814,
    "11": 0,
    "12": -0.10020957142114639,
    "13": -0.0029808352701365948,
    "14": -5.198317527770996,
    "15": 1
  },
  "cameraMatrix": {
    "0": 0.9214479923248291,
    "1": 0.2863697111606598,
    "2": -0.2623109221458435,
    "3": 0,
    "4": 0.1778232306241989,
    "5": 0.28990861773490906,
    "6": 0.9398170709609985,
    "7": 0,
    "8": 0.3452441692352295,
    "9": -0.9126169085502625,
    "10": 0.21621620655059814,
    "11": 0,
    "12": -0.10020957142114639,
    "13": -0.0029808352701365948,
    "14": -5.198317527770996,
    "15": 1
  },
  "cameraPosition": [
    -1.2723344102849747,
    4.909856666247428,
    1.1571896990150634
  ],
  "timer": {
    "running": false,
    "elapsed": 0
  },
  "mouse": [
    288,
    245,
    false,
    0
  ],
  "r": [
    137,
    123
  ],
  "debugPlane": {
    "matrix": [
      0.029252737760543823,
      -0.0601826049387455,
      0.9973041415214539,
      0,
      -0.07926946133375168,
      -0.994243323802948,
      -0.05773808807134628,
      0,
      0.9959688186645508,
      -0.07742989808320999,
      -0.03295261785387993,
      0,
      -0.5055564045906067,
      0.07833591848611832,
      -0.7696729302406311,
      1
    ],
    "position": [
      0.7873643587110113,
      -0.00656005035256868,
      0.4839547615601134
    ]
  },
  "fov": 3
}