{
  "id": "tet-zoom-02",
  "camera": {
    "rotation": [
      -0.3618585467338562,
      0.471978098154068,
      0.7729897499084473,
      -0.21955017745494843
    ],
    "position": [
      -1.620167041773902,
      3.3284679593658026,
      0.9862011829541473
    ]
  },
  "view": {
    "0": -0.6405529379844666,
    "1": -0.680998682975769,
    "2": -0.352180153131485,
    "3": 0,
    "4": -0.0021585437934845686,
    "5": -0.45690953731536865,
    "6": 0.8885606527328491,
    "7": 0,
    "8": -0.7666716575622559,
    "9": 0.5707762241363525,
    "10": 0.2925901412963867,
    "11": 0,
    "12": -0.27452561259269714,
    "13": -0.14542308449745178,
    "14": -3.8166890144348145,
    "15": 1
  },
  "cameraMatrix": {
    "0": -0.6405529379844666,
    "1": -0.680998682975769,
    "2": -0.352180153131485,
    "3": 0,
    "4": -0.0021585437934845686,
    "5": -0.45690953731536865,
    "6": 0.8885606527328491,
    "7": 0,
    "8": -0.7666716575622559,
    "9": 0.5707762241363525,
    "10": 0.2925901412963867,
    "11": 0,
    "12": -0.27452561259269714,
    "13": -0.14542308449745178,
    "14": -3.8166890144348145,
    "15": 1
  },
  "cameraPosition": [
    -1.620167041773902,
    3.3284679593658026,
    0.9862011829541473
  ],
  "timer": {
    "running": true,
    "elapsed": 440347.6599998842
  },
  "mouse": [
    755,
    212,
    false,
    0
  ],
  "r": [
    1130,
    793
  ],
  "debugPlane": {
    "matrix": [
      0.029252737760543823,
      -0.0601826049387455,
      0.9973041415214539,
      0,
      -0.07926946133375168,
      -0.994243323802948,
      -0.05773808807134628,
      0,
      0.9959688186645508,
      -0.07742989808320999,
      -0.03295261785387993,
      0,
      -0.5055564045906067,
      0.07833591848611832,
      -0.7696729302406311,
      1
    ],
    "position": [
      0.7873643587110113,
      -0.00656005035256868,
      0.4839547615601134
    ]
  }
}