{
  "id": "tet-zoom-11",
  "camera": {
    "rotation": [
      -0.4664211869239807,
      0.29859989881515503,
      -0.34712323546409607,
      -0.756338894367218
    ],
    "position": [
      2.286727825703702,
      1.4009301361698405,
      1.1275395438166669
    ]
  },
  "view": {
    "0": 0.5806871056556702,
    "1": 0.24653896689414978,
    "2": 0.7754967212677002,
    "3": 0,
    "4": -0.8036322593688965,
    "5": 0.32391348481178284,
    "6": 0.4982430338859558,
    "7": 0,
    "8": -0.12787416577339172,
    "9": -0.9128469228744507,
    "10": 0.386578768491745,
    "11": 0,
    "12": -0.05785755813121796,
    "13": 0.011723269708454609,
    "14": -2.9072365760803223,
    "15": 1
  },
  "cameraMatrix": {
    "0": 0.5806871056556702,
    "1": 0.24653896689414978,
    "2": 0.7754967212677002,
    "3": 0,
    "4": -0.8036322593688965,
    "5": 0.32391348481178284,
    "6": 0.4982430338859558,
    "7": 0,
    "8": -0.12787416577339172,
    "9": -0.9128469228744507,
    "10": 0.386578768491745,
    "11": 0,
    "12": -0.05785755813121796,
    "13": 0.011723269708454609,
    "14": -2.9072365760803223,
    "15": 1
  },
  "cameraPosition": [
    2.286727825703702,
    1.4009301361698405,
    1.1275395438166669
  ],
  "timer": {
    "running": false,
    "elapsed": 0
  },
  "mouse": [
    300,
    131,
    false,
    0
  ],
  "r": [
    137,
    123
  ],
  "debugPlane": {
    "matrix": [
      0.029252737760543823,
      -0.0601826049387455,
      0.9973041415214539,
      0,
      -0.07926946133375168,
      -0.994243323802948,
      -0.05773808807134628,
      0,
      0.9959688186645508,
      -0.07742989808320999,
      -0.03295261785387993,
      0,
      -0.5055564045906067,
      0.07833591848611832,
      -0.7696729302406311,
      1
    ],
    "position": [
      0.7873643587110113,
      -0.00656005035256868,
      0.4839547615601134
    ]
  },
  "fov": 1.3
}