{
  "id": "tet-zoom-03",
  "camera": {
    "rotation": [
      0.494019478559494,
      -0.6032687425613403,
      -0.4087202548980713,
      -0.47356927394866943
    ],
    "position": [
      -3.3599618389015173,
      0.1140977122418505,
      -0.744331120007999
    ]
  },
  "view": {
    "0": -0.061970844864845276,
    "1": -0.20893831551074982,
    "2": -0.9752106070518494,
    "3": 0,
    "4": -0.9831677079200745,
    "5": 0.1777850091457367,
    "6": 0.025231417268514633,
    "7": 0,
    "8": 0.1675475537776947,
    "9": 0.9610412120819092,
    "10": -0.21597684919834137,
    "11": 0,
    "12": 0.02866837941110134,
    "13": -0.006976727861911058,
    "14": -3.440307378768921,
    "15": 1
  },
  "cameraMatrix": {
    "0": -0.061970844864845276,
    "1": -0.20893831551074982,
    "2": -0.9752106070518494,
    "3": 0,
    "4": -0.9831677079200745,
    "5": 0.1777850091457367,
    "6": 0.025231417268514633,
    "7": 0,
    "8": 0.1675475537776947,
    "9": 0.9610412120819092,
    "10": -0.21597684919834137,
    "11": 0,
    "12": 0.02866837941110134,
    "13": -0.006976727861911058,
    "14": -3.440307378768921,
    "15": 1
  },
  "cameraPosition": [
    -3.3599618389015173,
    0.1140977122418505,
    -0.744331120007999
  ],
  "timer": {
    "running": false,
    "elapsed": 1090
  },
  "mouse": [
    295,
    248,
    false,
    0
  ],
  "r": [
    131,
    131
  ],
  "debugPlane": {
    "matrix": [
      0.029252737760543823,
      -0.0601826049387455,
      0.9973041415214539,
      0,
      -0.07926946133375168,
      -0.994243323802948,
      -0.05773808807134628,
      0,
      0.9959688186645508,
      -0.07742989808320999,
      -0.03295261785387993,
      0,
      -0.5055564045906067,
      0.07833591848611832,
      -0.7696729302406311,
      1
    ],
    "position": [
      0.7873643587110113,
      -0.00656005035256868,
      0.4839547615601134
    ]
  }
}