{
  "id": "tet-zoom-14",
  "camera": {
    "rotation": [
      0.5214592218399048,
      0.20793497562408447,
      0.13274331390857697,
      0.8168367147445679
    ],
    "position": [
      -1.1401171967735078,
      5.4132888197580185,
      2.094262585169119
    ]
  },
  "view": {
    "0": 0.8782845139503479,
    "1": 0.4337184429168701,
    "2": -0.2012573927640915,
    "3": 0,
    "4": -3.7103085048784124e-9,
    "5": 0.4209189713001251,
    "6": 0.9070980548858643,
    "7": 0,
    "8": 0.4781382977962494,
    "9": -0.7966901063919067,
    "10": 0.36968666315078735,
    "11": 0,
    "12": 1.1852681325308367e-7,
    "13": -0.11558772623538971,
    "14": -5.914061546325684,
    "15": 1
  },
  "cameraMatrix": {
    "0": 0.8782845139503479,
    "1": 0.4337184429168701,
    "2": -0.2012573927640915,
    "3": 0,
    "4": -3.7103085048784124e-9,
    "5": 0.4209189713001251,
    "6": 0.9070980548858643,
    "7": 0,
    "8": 0.4781382977962494,
    "9": -0.7966901063919067,
    "10": 0.36968666315078735,
    "11": 0,
    "12": 1.1852681325308367e-7,
    "13": -0.11558772623538971,
    "14": -5.914061546325684,
    "15": 1
  },
  "cameraPosition": [
    -1.1401171967735078,
    5.4132888197580185,
    2.094262585169119
  ],
  "timer": {
    "running": false,
    "elapsed": 5100
  },
  "mouse": [
    284,
    192,
    false,
    0
  ],
  "r": [
    274,
    247
  ],
  "debugPlane": {
    "matrix": [
      0.029252737760543823,
      -0.0601826049387455,
      0.9973041415214539,
      0,
      -0.07926946133375168,
      -0.994243323802948,
      -0.05773808807134628,
      0,
      0.9959688186645508,
      -0.07742989808320999,
      -0.03295261785387993,
      0,
      -0.5055564045906067,
      0.07833591848611832,
      -0.7696729302406311,
      1
    ],
    "position": [
      0.7873643587110113,
      -0.00656005035256868,
      0.4839547615601134
    ]
  },
  "fov": 3
}