{
    "id": "trefoil89c",
    "timer": {
        "running": false,
        "elapsed": 0
    },
    "mouse": [
        433,
        166,
        false,
        0
    ],
    "cameraMatrix": {
        "0": 0.15003331005573273,
        "1": 0.5349118709564209,
        "2": -0.8319752812385559,
        "3": 0,
        "4": -0.9885692000389099,
        "5": 0.05337609350681305,
        "6": -0.14421892166137695,
        "7": 0,
        "8": -0.032318126410245895,
        "9": 0.8437638878822327,
        "10": 0.5361599326133728,
        "11": 0,
        "12": -1.1930251121520996,
        "13": -0.20238874852657318,
        "14": 0.731738269329071,
        "15": 1
    },
    "positionSpeed": 1,
    "rotationSpeed": 3,
    "controls": {
        "closed": true,
        "animation2": {
            "type": "toggle",
            "value": false
        },
        "trefoil": {
            "type": "toggle",
            "value": true
        },
        "focalLength": {
            "type": "range",
            "controller": 18,
            "step": 0.01,
            "min": 0,
            "max": 10,
            "value": 1
        },
        "smallRadius": {
            "type": "range",
            "controller": 11,
            "step": 0.001,
            "min": 0,
            "max": 2,
            "value": 0.108
        },
        "largeRadius": {
            "type": "range",
            "controller": 12,
            "step": 0.001,
            "min": 0,
            "max": 4,
            "value": 0.66
        },
        "offset": {
            "x": {
                "type": "range",
                "controller": 13,
                "step": 0.001,
                "min": -1,
                "max": 1,
                "value": -0.222
            },
            "y": {
                "type": "range",
                "controller": 14,
                "step": 0.001,
                "min": -1,
                "max": 1,
                "value": 0
            },
            "z": {
                "type": "range",
                "controller": 15,
                "step": 0.001,
                "min": -1,
                "max": 1,
                "value": 0
            }
        }
    }
}