{
  "id": "clifford-torus-pose-pub",
  "camera": {
    "rotation": [
      0.8296586275100708,
      -0.423104852437973,
      -0.05702267587184906,
      0.3596939742565155
    ],
    "position": [
      1.6668713570688851,
      5.404464870721313,
      -5.776246669313423
    ]
  }
}