{
  "id": "bloom-flip-07",
  "camera": {
    "rotation": [
      -0.3619190752506256,
      -0.7766547203063965,
      -0.24079684913158417,
      0.45567813515663147
    ],
    "position": [
      4.397021845585841,
      0.30443650965045777,
      -2.3783642228238815
    ]
  },
  "view": {
    "0": -0.3223513662815094,
    "1": 0.3427205979824066,
    "2": 0.8821070790290833,
    "3": 0,
    "4": 0.7816240191459656,
    "5": 0.6220629215240479,
    "6": 0.04419479891657829,
    "7": 0,
    "8": -0.533511221408844,
    "9": 0.7038692235946655,
    "10": -0.4683559536933899,
    "11": 0,
    "12": -0.08945296704769135,
    "13": -0.022271141409873962,
    "14": -5.006019592285156,
    "15": 1
  },
  "cameraMatrix": {
    "0": -0.3223513662815094,
    "1": 0.3427205979824066,
    "2": 0.8821070790290833,
    "3": 0,
    "4": 0.7816240191459656,
    "5": 0.6220629215240479,
    "6": 0.04419479891657829,
    "7": 0,
    "8": -0.533511221408844,
    "9": 0.7038692235946655,
    "10": -0.4683559536933899,
    "11": 0,
    "12": -0.08945296704769135,
    "13": -0.022271141409873962,
    "14": -5.006019592285156,
    "15": 1
  },
  "cameraPosition": [
    4.397021845585841,
    0.30443650965045777,
    -2.3783642228238815
  ],
  "timer": {
    "running": false,
    "elapsed": 500
  },
  "mouse": [
    276,
    211,
    false,
    0
  ],
  "r": [
    252,
    192
  ],
  "debugPlane": {}
}