{
  "id": "bloom-flip-12",
  "camera": {
    "rotation": [
      0.09454181790351868,
      -0.9953069686889648,
      -0.011453691869974136,
      0.00987808033823967
    ],
    "position": [
      0,
      0,
      -4.5
    ]
  },
  "view": {
    "0": -0.9815343022346497,
    "1": -0.1884225457906723,
    "2": 0.01749773882329464,
    "3": 0,
    "4": -0.18796998262405396,
    "5": 0.9818612933158875,
    "6": 0.024667661637067795,
    "7": 0,
    "8": -0.02182915061712265,
    "9": 0.020932095125317574,
    "10": -0.9991482496261597,
    "11": 0,
    "12": -0.09823118150234222,
    "13": 0.0941944271326065,
    "14": -4.496167182922363,
    "15": 1
  },
  "cameraMatrix": {
    "0": -0.9815343022346497,
    "1": -0.1884225457906723,
    "2": 0.01749773882329464,
    "3": 0,
    "4": -0.18796998262405396,
    "5": 0.9818612933158875,
    "6": 0.024667661637067795,
    "7": 0,
    "8": -0.02182915061712265,
    "9": 0.020932095125317574,
    "10": -0.9991482496261597,
    "11": 0,
    "12": -0.09823118150234222,
    "13": 0.0941944271326065,
    "14": -4.496167182922363,
    "15": 1
  },
  "cameraPosition": [
    0,
    0,
    -4.5
  ],
  "timer": {
    "running": false,
    "elapsed": 500
  },
  "mouse": [
    192,
    192,
    false,
    0
  ],
  "r": [
    250,
    75
  ],
  "debugPlane": {}
}