{
    "id": "geodesictwist2",
    "timer": {
        "running": true,
        "elapsed": 737266.8999999878
    },
    "mouse": [
        217,
        221,
        false,
        0
    ],
    "cameraMatrix": {
        "0": 0.4430297017097473,
        "1": -0.4475054442882538,
        "2": -0.776829183101654,
        "3": 0,
        "4": 0.8950555920600891,
        "5": 0.2700729966163635,
        "6": 0.35487473011016846,
        "7": 0,
        "8": 0.0509922057390213,
        "9": -0.8525252938270569,
        "10": 0.5201926231384277,
        "11": 0,
        "12": -0.005017390009015799,
        "13": 0.009516492486000061,
        "14": -0.9970700144767761,
        "15": 1
    }
}