{
  "id": "gizmo",
  "camera": {
    "rotation": [
      -0.18000002205371857,
      5.8031840324401855,
      0
    ],
    "position": [
      -1.7825101779027246,
      0,
      1.9825322660133984
    ]
  }
}
