{
    "id": "spiralloop2",
    "timer": {
        "running": true,
        "elapsed": 3526836.09999987
    },
    "mouse": [
        275,
        273,
        false,
        0
    ],
    "cameraMatrix": {
        "0": 0.49110114574432373,
        "1": 0.7948562502861023,
        "2": 0.3589082956314087,
        "3": 0,
        "4": -0.0231684148311615,
        "5": 0.4222818613052368,
        "6": -0.9072902202606201,
        "7": 0,
        "8": -0.871822714805603,
        "9": 0.4380820095539093,
        "10": 0.22524958848953247,
        "11": 0,
        "12": 0.04578803852200508,
        "13": -0.1934175193309784,
        "14": -0.15687836706638336,
        "15": 1
    },
    "showControls": true,
    "controls": {
        "lead": [
            0.1,
            3,
            0.65
        ],
        "innerRatio": [
            0,
            0.99,
            0.44
        ],
        "mix": [
            0,
            1,
            1
        ],
        "normals": [
            false
        ],
        "offsetX": [
            -1,
            2,
            1
        ],
        "offsetY": [
            -1,
            1,
            0.4
        ],
        "zoom": [
            0,
            0.5,
            0.1
        ],
        "focal": [
            0,
            10,
            1
        ],
        "rotateX": [
            0,
            1,
            0.6204676984110781
        ],
        "rotateY": [
            0,
            1,
            0.9
        ],
        "rotateModel": [
            0,
            1,
            0.4560833039600971
        ],
        "rotateModelX": [
            0,
            1,
            0
        ],
        "flip": [
            false
        ],
        "debug": [
            0,
            1,
            0.6749066960348409
        ],
        "normalX": [
            0,
            1,
            0.5583730427427409
        ],
        "normalY": [
            0,
            1,
            0
        ],
        "zipOffset": [
            -300,
            300,
            0
        ],
        "zipSize": [
            0,
            400,
            300
        ],
        "zipSpeed": [
            0,
            100,
            50
        ]
    }
}