{
    "id": "spiralloop2c",
    "timer": {
        "running": true,
        "elapsed": 3526836.09999987
    },
    "mouse": [
        275,
        273,
        false,
        0
    ],
    "cameraMatrix": {
        "0": 0.49110114574432373,
        "1": 0.7948562502861023,
        "2": 0.3589082956314087,
        "3": 0,
        "4": -0.0231684148311615,
        "5": 0.4222818613052368,
        "6": -0.9072902202606201,
        "7": 0,
        "8": -0.871822714805603,
        "9": 0.4380820095539093,
        "10": 0.22524958848953247,
        "11": 0,
        "12": 0.04578803852200508,
        "13": -0.1934175193309784,
        "14": -0.15687836706638336,
        "15": 1
    },
    "showControls": true,
    "controls": {
        "lead": {
            "type": "range",
            "min": 0.1,
            "max": 3,
            "step": 0.002265625,
            "value": 0.65
        },
        "innerRatio": {
            "type": "range",
            "min": 0,
            "max": 0.99,
            "step": 0.0007734375,
            "value": 0.44
        },
        "mix": {
            "type": "range",
            "min": 0,
            "max": 1,
            "step": 0.00078125,
            "value": 1
        },
        "normals": {
            "type": "toggle",
            "value": false
        },
        "offsetX": {
            "type": "range",
            "min": -1,
            "max": 2,
            "step": 0.00234375,
            "value": 1
        },
        "offsetY": {
            "type": "range",
            "min": -1,
            "max": 1,
            "step": 0.0015625,
            "value": 0.4
        },

        "zoom": {
            "type": "range",
            "min": 0,
            "max": 0.5,
            "step": 0.000390625,
            "value": 0.1
        },
        "focal": {
            "type": "range",
            "min": 0,
            "max": 10,
            "step": 0.0078125,
            "value": 1
        },
        "rotateX": {
            "type": "range",
            "min": 0,
            "max": 1,
            "step": 0.00078125,
            "value": 0.6204676984110781
        },
        "rotateY": {
            "type": "range",
            "min": 0,
            "max": 1,
            "step": 0.00078125,
            "value": 0.9
        },
        "rotateModel": {
            "type": "range",
            "min": 0,
            "max": 1,
            "step": 0.00078125,
            "value": 0.4560833039600971
        },
        "rotateModelX": {
            "type": "range",
            "min": 0,
            "max": 1,
            "step": 0.00078125,
            "value": 0
        },
        "flip": {
            "type": "toggle",
            "value": false
        },


        "debug": {
            "type": "range",
            "min": 0,
            "max": 1,
            "step": 0.00078125,
            "value": 0.6749066960348409
        },
        "normalX": {
            "type": "range",
            "min": 0,
            "max": 1,
            "step": 0.00078125,
            "value": 0.5583730427427409
        },
        "normalY": {
            "type": "range",
            "min": 0,
            "max": 1,
            "step": 0.00078125,
            "value": 0
        },
        "zipOffset": {
            "type": "range",
            "min": -300,
            "max": 300,
            "step": 0.46875,
            "value": 0
        },
        "zipSize": {
            "type": "range",
            "min": 0,
            "max": 400,
            "step": 0.15625,
            "value": 300
        },
        "zipSpeed": {
            "type": "range",
            "min": 0,
            "max": 100,
            "step": 0.01171875,
            "value": 50
        }
    }
}