{
  "id": "peelfractal23",
  "camera": {
    "rotation": [
      0.020035402849316597,
      -0.07927289605140686,
      -0.08964665234088898,
      -0.9921393990516663
    ],
    "position": [
      -0.309618441342991,
      -0.11948526853427666,
      0.856285186128531
    ]
  },
  "view": {
    "0": 0.971358597278595,
    "1": 0.17470742762088776,
    "2": -0.16089174151420593,
    "3": 0,
    "4": -0.18106047809123993,
    "5": 0.9831241369247437,
    "6": -0.0255427248775959,
    "7": 0,
    "8": 0.15370731055736542,
    "9": 0.05396892502903938,
    "10": 0.9866287708282471,
    "11": 0,
    "12": 0.1474991738796234,
    "13": 0.12534870207309723,
    "14": -0.8977026343345642,
    "15": 1
  },
  "cameraMatrix": {
    "0": 0.971358597278595,
    "1": 0.17470742762088776,
    "2": -0.16089174151420593,
    "3": 0,
    "4": -0.18106047809123993,
    "5": 0.9831241369247437,
    "6": -0.0255427248775959,
    "7": 0,
    "8": 0.15370731055736542,
    "9": 0.05396892502903938,
    "10": 0.9866287708282471,
    "11": 0,
    "12": 0.1474991738796234,
    "13": 0.12534870207309723,
    "14": -0.8977026343345642,
    "15": 1
  },
  "cameraPosition": [
    -0.309618441342991,
    -0.11948526853427666,
    0.856285186128531
  ],
  "timer": {
    "running": false,
    "elapsed": 0
  },
  "mouse": [
    0,
    0,
    false,
    0
  ],
  "r": [
    1440,
    444
  ],
  "controls": {
    "closed": true,
    "plodeDistance": {
      "type": "range",
      "step": 0.01,
      "min": 0,
      "max": 0.8,
      "value": 0.41000000000000003
    },
    "camDistance": {
      "type": "range",
      "step": 0.01,
      "min": 0,
      "max": 2,
      "value": 0.71
    },
    "camLookDown": {
      "type": "range",
      "step": 0.01,
      "min": 0,
      "max": 2,
      "value": 1.43
    },
    "blend": {
      "type": "toggle",
      "value": false
    },
    "split": {
      "type": "toggle",
      "value": false
    },
    "neck": {
      "type": "toggle",
      "value": false
    },
    "debug": {
      "type": "toggle",
      "value": false
    },
    "anotherLevel": {
      "type": "toggle",
      "value": false
    },
    "edit": {
      "type": "toggle",
      "value": false
    },
    "fixedCamera": {
      "type": "toggle",
      "value": false
    },
    "step0": {
      "type": "toggle",
      "value": true
    },
    "step1": {
      "type": "toggle",
      "value": true
    },
    "step2": {
      "type": "toggle",
      "value": true
    },
    "step3": {
      "type": "toggle",
      "value": true
    }
  }
}