{
  "id": "peelfractal22",
  "camera": {
    "rotation": [
      -0.04328363761305809,
      -0.17929264903068542,
      0.1248282939195633,
      -0.9744765758514404
    ],
    "position": [
      -0.46401377533538835,
      -0.06394117314323466,
      0.7941038907561051
    ]
  },
  "view": {
    "0": 0.9045441150665283,
    "1": -0.22776362299919128,
    "2": -0.36023902893066406,
    "3": 0,
    "4": 0.25880536437034607,
    "5": 0.9650888442993164,
    "6": 0.03959619253873825,
    "7": 0,
    "8": 0.3386269211769104,
    "9": -0.1291193664073944,
    "10": 0.9319613575935364,
    "11": 0,
    "12": 0.16736428439617157,
    "13": 0.058557648211717606,
    "14": -0.9046981930732727,
    "15": 1
  },
  "cameraMatrix": {
    "0": 0.9045441150665283,
    "1": -0.22776362299919128,
    "2": -0.36023902893066406,
    "3": 0,
    "4": 0.25880536437034607,
    "5": 0.9650888442993164,
    "6": 0.03959619253873825,
    "7": 0,
    "8": 0.3386269211769104,
    "9": -0.1291193664073944,
    "10": 0.9319613575935364,
    "11": 0,
    "12": 0.16736428439617157,
    "13": 0.058557648211717606,
    "14": -0.9046981930732727,
    "15": 1
  },
  "cameraPosition": [
    -0.46401377533538835,
    -0.06394117314323466,
    0.7941038907561051
  ],
  "timer": {
    "running": false,
    "elapsed": 0
  },
  "mouse": [
    379,
    220,
    false,
    0
  ],
  "r": [
    108,
    66
  ],
  "controls": {
    "closed": true,
    "plodeDistance": {
      "type": "range",
      "step": 0.01,
      "min": 0,
      "max": 0.8,
      "value": 0.25
    },
    "camDistance": {
      "type": "range",
      "step": 0.01,
      "min": 0,
      "max": 2,
      "value": 0.71
    },
    "camLookDown": {
      "type": "range",
      "step": 0.01,
      "min": 0,
      "max": 2,
      "value": 1.43
    },
    "blend": {
      "type": "toggle",
      "value": false
    },
    "split": {
      "type": "toggle",
      "value": false
    },
    "neck": {
      "type": "toggle",
      "value": false
    },
    "debug": {
      "type": "toggle",
      "value": false
    },
    "anotherLevel": {
      "type": "toggle",
      "value": false
    },
    "edit": {
      "type": "toggle",
      "value": false
    },
    "fixedCamera": {
      "type": "toggle",
      "value": false
    },
    "step0": {
      "type": "toggle",
      "value": true
    },
    "step1": {
      "type": "toggle",
      "value": true
    },
    "step2": {
      "type": "toggle",
      "value": true
    },
    "step3": {
      "type": "toggle",
      "value": true
    }
  }
}