{
  "id": "peelfractal19",
  "camera": {
    "rotation": [
      0.051536690443754196,
      -0.12311874330043793,
      0.06247831881046295,
      0.9889676570892334
    ],
    "position": [
      0.08421417503171824,
      0.02243092160767901,
      0.35169507020009405
    ]
  },
  "view": {
    "0": 0.9618764519691467,
    "1": 0.110887810587883,
    "2": 0.2499607652425766,
    "3": 0,
    "4": -0.13626833260059357,
    "5": 0.9868808388710022,
    "6": 0.086551733314991,
    "7": 0,
    "8": -0.23708106577396393,
    "9": -0.11732074618339539,
    "10": 0.9643715023994446,
    "11": 0,
    "12": 0.005433233920484781,
    "13": 0.009786156006157398,
    "14": -0.36215636134147644,
    "15": 1
  },
  "cameraMatrix": {
    "0": 0.9618764519691467,
    "1": 0.110887810587883,
    "2": 0.2499607652425766,
    "3": 0,
    "4": -0.13626833260059357,
    "5": 0.9868808388710022,
    "6": 0.086551733314991,
    "7": 0,
    "8": -0.23708106577396393,
    "9": -0.11732074618339539,
    "10": 0.9643715023994446,
    "11": 0,
    "12": 0.005433233920484781,
    "13": 0.009786156006157398,
    "14": -0.36215636134147644,
    "15": 1
  },
  "cameraPosition": [
    0.08421417503171824,
    0.02243092160767901,
    0.35169507020009405
  ],
  "timer": {
    "running": true,
    "elapsed": 143719.29999999702
  },
  "mouse": [
    0,
    0,
    false,
    0
  ],
  "r": [
    169,
    114
  ],
  "controls": {
    "closed": true,
    "plodeDistance": {
      "type": "range",
      "step": 0.01,
      "min": 0,
      "max": 0.8,
      "value": 0.13
    },
    "camDistance": {
      "type": "range",
      "step": 0.01,
      "min": 0,
      "max": 2,
      "value": 1.05
    },
    "camLookDown": {
      "type": "range",
      "step": 0.01,
      "min": 0,
      "max": 2,
      "value": 1.09
    },
    "blend": {
      "type": "toggle",
      "value": false
    },
    "split": {
      "type": "toggle",
      "value": false
    },
    "neck": {
      "type": "toggle",
      "value": false
    },
    "debug": {
      "type": "toggle",
      "value": false
    },
    "edit": {
      "type": "toggle",
      "value": false
    },
    "fixedCamera": {
      "type": "toggle",
      "value": true
    },
    "step0": {
      "type": "toggle",
      "value": true
    },
    "step1": {
      "type": "toggle",
      "value": true
    },
    "step2": {
      "type": "toggle",
      "value": true
    },
    "step3": {
      "type": "toggle",
      "value": true
    }
  }
}