{
  "id": "peelfractal30",
  "camera": {
    "rotation": [
      0.03302038460969925,
      -0.08043953031301498,
      -0.08860130608081818,
      -0.9917920827865601
    ],
    "position": [
      -0.309618441342991,
      -0.11948526853427666,
      0.856285186128531
    ]
  },
  "view": {
    "0": 0.971358597278595,
    "1": 0.1704358607530594,
    "2": -0.1654098778963089,
    "3": 0,
    "4": -0.18106043338775635,
    "5": 0.9821189045906067,
    "6": -0.05124461650848389,
    "7": 0,
    "8": 0.15370728075504303,
    "9": 0.07975281029939651,
    "10": 0.9848783016204834,
    "11": 0,
    "12": 0.1474992036819458,
    "13": 0.10182767361402512,
    "14": -0.9006736278533936,
    "15": 1
  },
  "cameraMatrix": {
    "0": 0.971358597278595,
    "1": 0.1704358607530594,
    "2": -0.1654098778963089,
    "3": 0,
    "4": -0.18106043338775635,
    "5": 0.9821189045906067,
    "6": -0.05124461650848389,
    "7": 0,
    "8": 0.15370728075504303,
    "9": 0.07975281029939651,
    "10": 0.9848783016204834,
    "11": 0,
    "12": 0.1474992036819458,
    "13": 0.10182767361402512,
    "14": -0.9006736278533936,
    "15": 1
  },
  "cameraPosition": [
    -0.309618441342991,
    -0.11948526853427666,
    0.856285186128531
  ],
  "timer": {
    "running": false,
    "elapsed": 1160
  },
  "mouse": [
    387,
    233,
    false,
    0
  ],
  "r": [
    180,
    97
  ],
  "controls": {
    "closed": true,
    "plodeDistance": {
      "type": "range",
      "step": 0.01,
      "min": 0,
      "max": 0.8,
      "value": 0.41000000000000003
    },
    "camDistance": {
      "type": "range",
      "step": 0.01,
      "min": 0,
      "max": 2,
      "value": 0.71
    },
    "camLookDown": {
      "type": "range",
      "step": 0.01,
      "min": 0,
      "max": 2,
      "value": 1.43
    },
    "rand": {
      "type": "range",
      "step": 0.01,
      "min": 0,
      "max": 3,
      "value": 1.17,
      "hotkeyUp": "]",
      "hotkeyDown": "["
    },
    "blend": {
      "type": "toggle",
      "value": false
    },
    "split": {
      "type": "toggle",
      "value": false
    },
    "neck": {
      "type": "toggle",
      "value": false
    },
    "debug": {
      "type": "toggle",
      "value": false
    },
    "anotherLevel": {
      "type": "toggle",
      "value": false
    },
    "edit": {
      "type": "toggle",
      "value": false
    },
    "loop": {
      "type": "toggle",
      "value": true
    },
    "fixedCamera": {
      "type": "toggle",
      "value": false
    },
    "step": {
      "0": {
        "type": "toggle",
        "value": true
      },
      "1": {
        "type": "toggle",
        "value": true
      },
      "2": {
        "type": "toggle",
        "value": true
      },
      "3": {
        "type": "toggle",
        "value": true
      },
      "closed": true
    }
  }
}