{
    "id": "peel8",
    "timer": {
        "running": false,
        "elapsed": 0
    },
    "mouse": [
        406,
        194,
        false,
        0
    ],
    "cameraMatrix": {
        "0": -0.5478164553642273,
        "1": -0.2068101465702057,
        "2": 0.7375711798667908,
        "3": 0,
        "4": -0.7324826717376709,
        "5": -0.08407743275165558,
        "6": -0.6141457557678223,
        "7": 0,
        "8": 0.2241668999195099,
        "9": -0.933239221572876,
        "10": -0.047532737255096436,
        "11": 0,
        "12": 1.912853479385376,
        "13": -0.8216875195503235,
        "14": -0.05153923109173775,
        "15": 1
    },
    "positionSpeed": 1,
    "rotationSpeed": 5,
    "controls": {}
}