{
    "id": "peel2",
    "timer": {
        "running": false,
        "elapsed": 0
    },
    "mouse": [
        384,
        227,
        false,
        0
    ],
    "cameraMatrix": {
        "0": -0.08027785271406174,
        "1": 0.5603965520858765,
        "2": 0.8243171572685242,
        "3": 0,
        "4": 0.30515801906585693,
        "5": 0.8011022210121155,
        "6": -0.5148898363113403,
        "7": 0,
        "8": -0.9489055275917053,
        "9": 0.21021100878715515,
        "10": -0.23532000184059143,
        "11": 0,
        "12": 2.955557346343994,
        "13": -1.7906304597854614,
        "14": -0.6586709022521973,
        "15": 1
    },
    "positionSpeed": 1,
    "rotationSpeed": 5,
    "controls": {}
}