{
  "id": "peelfractal21",
  "camera": {
    "rotation": [
      0.07845751196146011,
      0.21279549598693848,
      0.032128192484378815,
      0.973284900188446
    ],
    "position": [
      -0.3282551591178162,
      0.06596621220649013,
      0.6494836737151672
    ]
  },
  "view": {
    "0": 0.9073716998100281,
    "1": 0.09593057632446289,
    "2": -0.4091798961162567,
    "3": 0,
    "4": -0.02914895862340927,
    "5": 0.985624372959137,
    "6": 0.16639649868011475,
    "7": 0,
    "8": 0.41926267743110657,
    "9": -0.13904955983161926,
    "10": 0.8971250057220459,
    "11": 0,
    "12": 0.027468010783195496,
    "13": 0.05678221955895424,
    "14": -0.7279599905014038,
    "15": 1
  },
  "cameraMatrix": {
    "0": 0.9073716998100281,
    "1": 0.09593057632446289,
    "2": -0.4091798961162567,
    "3": 0,
    "4": -0.02914895862340927,
    "5": 0.985624372959137,
    "6": 0.16639649868011475,
    "7": 0,
    "8": 0.41926267743110657,
    "9": -0.13904955983161926,
    "10": 0.8971250057220459,
    "11": 0,
    "12": 0.027468010783195496,
    "13": 0.05678221955895424,
    "14": -0.7279599905014038,
    "15": 1
  },
  "cameraPosition": [
    -0.3282551591178162,
    0.06596621220649013,
    0.6494836737151672
  ],
  "timer": {
    "running": false,
    "elapsed": 0
  },
  "mouse": [
    0,
    0,
    false,
    0
  ],
  "r": [
    169,
    112
  ],
  "controls": {
    "closed": true,
    "plodeDistance": {
      "type": "range",
      "step": 0.01,
      "min": 0,
      "max": 0.8,
      "value": 0.41000000000000003
    },
    "camDistance": {
      "type": "range",
      "step": 0.01,
      "min": 0,
      "max": 2,
      "value": 1.44
    },
    "camLookDown": {
      "type": "range",
      "step": 0.01,
      "min": 0,
      "max": 2,
      "value": 1.09
    },
    "blend": {
      "type": "toggle",
      "value": false
    },
    "split": {
      "type": "toggle",
      "value": false
    },
    "neck": {
      "type": "toggle",
      "value": false
    },
    "debug": {
      "type": "toggle",
      "value": false
    },
    "anotherLevel": {
      "type": "toggle",
      "value": false
    },
    "edit": {
      "type": "toggle",
      "value": false
    },
    "fixedCamera": {
      "type": "toggle",
      "value": false
    },
    "step0": {
      "type": "toggle",
      "value": true
    },
    "step1": {
      "type": "toggle",
      "value": true
    },
    "step2": {
      "type": "toggle",
      "value": true
    },
    "step3": {
      "type": "toggle",
      "value": true
    }
  }
}