{
  "id": "coral-13",
  "camera": {
    "rotation": [
      -0.06765668839216232,
      -0.0020332271233201027,
      -0.05221875384449959,
      0.9963955283164978
    ],
    "position": [
      0.0454514720417194,
      -0.2730950932411291,
      2.745113218494774
    ]
  },
  "view": {
    "0": 0.9945381283760071,
    "1": -0.103785939514637,
    "2": 0.011117693036794662,
    "3": 0,
    "4": 0.10433618724346161,
    "5": 0.9853915572166443,
    "6": -0.1346133053302765,
    "7": 0,
    "8": 0.003014099085703492,
    "9": 0.13503798842430115,
    "10": 0.9908368587493896,
    "11": 0,
    "12": -0.024983564391732216,
    "13": -0.09687172621488571,
    "14": -2.7572267055511475,
    "15": 1
  },
  "cameraMatrix": {
    "0": 0.9945381283760071,
    "1": -0.103785939514637,
    "2": 0.011117693036794662,
    "3": 0,
    "4": 0.10433618724346161,
    "5": 0.9853915572166443,
    "6": -0.1346133053302765,
    "7": 0,
    "8": 0.003014099085703492,
    "9": 0.13503798842430115,
    "10": 0.9908368587493896,
    "11": 0,
    "12": -0.024983564391732216,
    "13": -0.09687172621488571,
    "14": -2.7572267055511475,
    "15": 1
  },
  "cameraPosition": [
    0.0454514720417194,
    -0.2730950932411291,
    2.745113218494774
  ],
  "timer": {
    "running": false,
    "elapsed": 7090
  },
  "accumulateControl": {
    "accumulate": true
  },
  "mouse": [
    401,
    445,
    false,
    0
  ],
  "r": [
    331,
    301
  ],
  "controls": {
    "closed": true,
    "kleinR": {
      "type": "range",
      "controller": 11,
      "step": 0.00005,
      "min": 0,
      "max": 1,
      "value": 0.39
    },
    "kleinI": {
      "type": "range",
      "controller": 12,
      "step": 0.00005,
      "min": 0,
      "max": 1,
      "value": 0.55
    },
    "boxSizeX": {
      "type": "range",
      "controller": 13,
      "step": 0.00005,
      "min": -1,
      "max": 1,
      "value": -0.40445000000000003
    },
    "boxSizeZ": {
      "type": "range",
      "controller": 14,
      "step": 0.00005,
      "min": -1,
      "max": 1,
      "value": 0.34
    },
    "offsetX": {
      "type": "range",
      "controller": 15,
      "step": 0.00005,
      "min": 0,
      "max": 1,
      "value": 0
    },
    "offsetY": {
      "type": "range",
      "controller": 16,
      "step": 0.00005,
      "min": 0,
      "max": 1,
      "value": 1
    },
    "offsetZ": {
      "type": "range",
      "controller": 17,
      "step": 0.00005,
      "min": 0,
      "max": 1,
      "value": 1
    }
  },
  "fov": 4,
  "capture": {
    "fps": 60,
    "seconds": 1,
    "width": 1200,
    "height": 1200,
    "startFrame": 0
  }
}