{
  "id": "coral-11",
  "camera": {
    "rotation": [
      -0.002245519543066621,
      0.01664949394762516,
      -0.13098567724227905,
      0.991296112537384
    ],
    "position": [
      -0.002963429894037972,
      0.006817304446310679,
      2.397084080345488
    ]
  },
  "view": {
    "0": 0.9651311039924622,
    "1": -0.25976595282554626,
    "2": -0.032420895993709564,
    "3": 0,
    "4": 0.2596164047718048,
    "5": 0.965675413608551,
    "6": -0.008813640102744102,
    "7": 0,
    "8": 0.033597420901060104,
    "9": 0.00009025910549098626,
    "10": 0.9994354844093323,
    "11": 0,
    "12": -0.07944562286138535,
    "13": -0.0075694601982831955,
    "14": -2.3957667350769043,
    "15": 1
  },
  "cameraMatrix": {
    "0": 0.9651311039924622,
    "1": -0.25976595282554626,
    "2": -0.032420895993709564,
    "3": 0,
    "4": 0.2596164047718048,
    "5": 0.965675413608551,
    "6": -0.008813640102744102,
    "7": 0,
    "8": 0.033597420901060104,
    "9": 0.00009025910549098626,
    "10": 0.9994354844093323,
    "11": 0,
    "12": -0.07944562286138535,
    "13": -0.0075694601982831955,
    "14": -2.3957667350769043,
    "15": 1
  },
  "cameraPosition": [
    -0.002963429894037972,
    0.006817304446310679,
    2.397084080345488
  ],
  "timer": {
    "running": false,
    "elapsed": 7090
  },
  "accumulateControl": {
    "accumulate": false
  },
  "mouse": [
    380,
    250,
    false,
    0
  ],
  "r": [
    271,
    265
  ],
  "controls": {
    "closed": true,
    "kleinR": {
      "type": "range",
      "controller": 11,
      "step": 0.00005,
      "min": 0,
      "max": 1,
      "value": 0.39
    },
    "kleinI": {
      "type": "range",
      "controller": 12,
      "step": 0.00005,
      "min": 0,
      "max": 1,
      "value": 0.55
    },
    "boxSizeX": {
      "type": "range",
      "controller": 13,
      "step": 0.00005,
      "min": -1,
      "max": 1,
      "value": -0.40445000000000003
    },
    "boxSizeZ": {
      "type": "range",
      "controller": 14,
      "step": 0.00005,
      "min": -1,
      "max": 1,
      "value": 0.34
    },
    "offsetX": {
      "type": "range",
      "controller": 15,
      "step": 0.00005,
      "min": 0,
      "max": 1,
      "value": 0
    },
    "offsetY": {
      "type": "range",
      "controller": 16,
      "step": 0.00005,
      "min": 0,
      "max": 1,
      "value": 1
    },
    "offsetZ": {
      "type": "range",
      "controller": 17,
      "step": 0.00005,
      "min": 0,
      "max": 1,
      "value": 1
    }
  },
  "fov": 4,
  "capture": {
    "fps": 30,
    "seconds": 12,
    "width": 2160,
    "height": 2700,
    "startFrame": 276
  }
}