{
  "id": "coral-04",
  "camera": {
    "rotation": [
      -0.024393580853939056,
      -0.02169123850762844,
      0.008749800734221935,
      0.9994670748710632
    ],
    "position": [
      0.1179378531544728,
      -0.02341538638683449,
      2.403528332359068
    ]
  },
  "view": {
    "0": 0.9989058375358582,
    "1": 0.018548529595136642,
    "2": 0.042932480573654175,
    "3": 0,
    "4": -0.0164320208132267,
    "5": 0.9986568093299866,
    "6": -0.049140751361846924,
    "7": 0,
    "8": -0.04378623515367508,
    "9": 0.04838157445192337,
    "10": 0.9978688955307007,
    "11": 0,
    "12": -0.012952122837305069,
    "13": -0.0950901210308075,
    "14": -2.4046201705932617,
    "15": 1
  },
  "cameraMatrix": {
    "0": 0.9989058375358582,
    "1": 0.018548529595136642,
    "2": 0.042932480573654175,
    "3": 0,
    "4": -0.0164320208132267,
    "5": 0.9986568093299866,
    "6": -0.049140751361846924,
    "7": 0,
    "8": -0.04378623515367508,
    "9": 0.04838157445192337,
    "10": 0.9978688955307007,
    "11": 0,
    "12": -0.012952122837305069,
    "13": -0.0950901210308075,
    "14": -2.4046201705932617,
    "15": 1
  },
  "cameraPosition": [
    0.1179378531544728,
    -0.02341538638683449,
    2.403528332359068
  ],
  "timer": {
    "running": false,
    "elapsed": 2340
  },
  "accumulateControl": {
    "accumulate": false
  },
  "mouse": [
    977,
    386,
    false,
    0
  ],
  "r": [
    840,
    313
  ],
  "controls": {
    "closed": true,
    "kleinR": {
      "type": "range",
      "controller": 11,
      "step": 0.00005,
      "min": 0,
      "max": 1,
      "value": 0.39
    },
    "kleinI": {
      "type": "range",
      "controller": 12,
      "step": 0.00005,
      "min": 0,
      "max": 1,
      "value": 0.55
    },
    "boxSizeX": {
      "type": "range",
      "controller": 13,
      "step": 0.00005,
      "min": -1,
      "max": 1,
      "value": -0.40445000000000003
    },
    "boxSizeZ": {
      "type": "range",
      "controller": 14,
      "step": 0.00005,
      "min": -1,
      "max": 1,
      "value": 0.34
    },
    "offsetX": {
      "type": "range",
      "controller": 15,
      "step": 0.00005,
      "min": 0,
      "max": 1,
      "value": 0
    },
    "offsetY": {
      "type": "range",
      "controller": 16,
      "step": 0.00005,
      "min": 0,
      "max": 1,
      "value": 1
    },
    "offsetZ": {
      "type": "range",
      "controller": 17,
      "step": 0.00005,
      "min": 0,
      "max": 1,
      "value": 1
    }
  },
  "fov": 3,
  "capture": {
    "fps": 30,
    "seconds": 12,
    "width": 2160,
    "height": 2700,
    "startFrame": 276
  }
}