{
  "id": "coral-10",
  "camera": {
    "rotation": [
      0.0017201321898028255,
      0.0005132865044288337,
      -0.0004243634466547519,
      1.0000522136688232
    ],
    "position": [
      -0.002963429894037972,
      0.006817304446310679,
      2.397084080345488
    ]
  },
  "view": {
    "0": 0.9999991059303284,
    "1": -0.0008470053435303271,
    "2": -0.0010280865244567394,
    "3": 0,
    "4": 0.0008505370351485908,
    "5": 0.9999937415122986,
    "6": 0.0034400082658976316,
    "7": 0,
    "8": 0.001025166711769998,
    "9": -0.003440879750996828,
    "10": 0.9999935626983643,
    "11": 0,
    "12": 0.0005002180696465075,
    "13": 0.001428305869922042,
    "14": -2.397094964981079,
    "15": 1
  },
  "cameraMatrix": {
    "0": 0.9999991059303284,
    "1": -0.0008470053435303271,
    "2": -0.0010280865244567394,
    "3": 0,
    "4": 0.0008505370351485908,
    "5": 0.9999937415122986,
    "6": 0.0034400082658976316,
    "7": 0,
    "8": 0.001025166711769998,
    "9": -0.003440879750996828,
    "10": 0.9999935626983643,
    "11": 0,
    "12": 0.0005002180696465075,
    "13": 0.001428305869922042,
    "14": -2.397094964981079,
    "15": 1
  },
  "cameraPosition": [
    -0.002963429894037972,
    0.006817304446310679,
    2.397084080345488
  ],
  "timer": {
    "running": false,
    "elapsed": 13350
  },
  "accumulateControl": {
    "accumulate": false
  },
  "mouse": [
    279,
    254,
    false,
    0
  ],
  "r": [
    278,
    265
  ],
  "controls": {
    "closed": true,
    "kleinR": {
      "type": "range",
      "controller": 11,
      "step": 0.00005,
      "min": 0,
      "max": 1,
      "value": 0.39
    },
    "kleinI": {
      "type": "range",
      "controller": 12,
      "step": 0.00005,
      "min": 0,
      "max": 1,
      "value": 0.55
    },
    "boxSizeX": {
      "type": "range",
      "controller": 13,
      "step": 0.00005,
      "min": -1,
      "max": 1,
      "value": -0.40445000000000003
    },
    "boxSizeZ": {
      "type": "range",
      "controller": 14,
      "step": 0.00005,
      "min": -1,
      "max": 1,
      "value": 0.34
    },
    "offsetX": {
      "type": "range",
      "controller": 15,
      "step": 0.00005,
      "min": 0,
      "max": 1,
      "value": 0
    },
    "offsetY": {
      "type": "range",
      "controller": 16,
      "step": 0.00005,
      "min": 0,
      "max": 1,
      "value": 1
    },
    "offsetZ": {
      "type": "range",
      "controller": 17,
      "step": 0.00005,
      "min": 0,
      "max": 1,
      "value": 1
    }
  },
  "fov": 3,
  "capture": {
    "fps": 30,
    "seconds": 12,
    "width": 2160,
    "height": 2700,
    "startFrame": 276
  }
}