{
  "id": "face-fract16",
  "camera": {
    "rotation": [
      -0.1096915751695633,
      0.40306031703948975,
      -0.12719875574111938,
      0.8995797634124756
    ],
    "position": [
      -1.479136454662921,
      -0.5062252662185074,
      0.8688861134164654
    ]
  },
  "view": {
    "0": 0.6427257061004639,
    "1": -0.3172754943370819,
    "2": -0.697264552116394,
    "3": 0,
    "4": 0.14042621850967407,
    "5": 0.943576455116272,
    "6": -0.2998901903629303,
    "7": 0,
    "8": 0.7530750632286072,
    "9": 0.09481509774923325,
    "10": 0.6510202884674072,
    "11": 0,
    "12": 0.3674298822879791,
    "13": -0.07401501387357712,
    "14": -1.748823881149292,
    "15": 1
  },
  "cameraMatrix": {
    "0": 0.6427257061004639,
    "1": -0.3172754943370819,
    "2": -0.697264552116394,
    "3": 0,
    "4": 0.14042621850967407,
    "5": 0.943576455116272,
    "6": -0.2998901903629303,
    "7": 0,
    "8": 0.7530750632286072,
    "9": 0.09481509774923325,
    "10": 0.6510202884674072,
    "11": 0,
    "12": 0.3674298822879791,
    "13": -0.07401501387357712,
    "14": -1.748823881149292,
    "15": 1
  },
  "cameraPosition": [
    -1.479136454662921,
    -0.5062252662185074,
    0.8688861134164654
  ],
  "timer": {
    "running": false,
    "elapsed": 990
  },
  "mouse": [
    271,
    157,
    false,
    0
  ],
  "r": [
    950,
    583
  ],
  "debugPlane": {},
  "controls": {
    "closed": true,
    "transformX": {
      "type": "range",
      "controller": 11,
      "step": 0.01,
      "min": -2,
      "max": 2,
      "value": -0.26
    },
    "transformY": {
      "type": "range",
      "controller": 12,
      "step": 0.01,
      "min": -2,
      "max": 2,
      "value": 0.23
    },
    "transformZ": {
      "type": "range",
      "controller": 13,
      "step": 0.01,
      "min": -2,
      "max": 2,
      "value": 0.16
    },
    "rotateX": {
      "type": "range",
      "controller": 14,
      "loop": true,
      "step": 0.01,
      "min": -1,
      "max": 1,
      "value": 0.39
    },
    "rotateY": {
      "type": "range",
      "controller": 15,
      "loop": true,
      "step": 0.01,
      "min": -1,
      "max": 1,
      "value": -0.74
    },
    "rotateZ": {
      "type": "range",
      "controller": 16,
      "loop": true,
      "step": 0.01,
      "min": -1,
      "max": 1,
      "value": -0.08
    },
    "scale": {
      "type": "range",
      "controller": 17,
      "step": 0.01,
      "min": 0,
      "max": 2,
      "value": 0.8200000000000001
    },
    "iterations": {
      "type": "range",
      "controller": 18,
      "step": 1,
      "min": 1,
      "max": 20,
      "value": 11
    },
    "time": {
      "type": "range",
      "controller": 10,
      "min": 0,
      "max": 1,
      "value": 0.5
    }
  }
}