{
  "id": "face-fract8",
  "camera": {
    "rotation": [
      -0.3029894530773163,
      0.3485552966594696,
      -0.02620784379541874,
      0.8865269422531128
    ],
    "position": [
      -1.1447048979691772,
      -0.6889376939154772,
      0.6994240146764241
    ]
  },
  "view": {
    "0": 0.755644679069519,
    "1": -0.2576850652694702,
    "2": -0.6021259427070618,
    "3": 0,
    "4": -0.16474923491477966,
    "5": 0.8150210976600647,
    "6": -0.5554863810539246,
    "7": 0,
    "8": 0.6338887214660645,
    "9": 0.5189468860626221,
    "10": 0.5734131932258606,
    "11": 0,
    "12": 0.30813121795654297,
    "13": -0.09643851220607758,
    "14": -1.4730110168457031,
    "15": 1
  },
  "cameraMatrix": {
    "0": 0.755644679069519,
    "1": -0.2576850652694702,
    "2": -0.6021259427070618,
    "3": 0,
    "4": -0.16474923491477966,
    "5": 0.8150210976600647,
    "6": -0.5554863810539246,
    "7": 0,
    "8": 0.6338887214660645,
    "9": 0.5189468860626221,
    "10": 0.5734131932258606,
    "11": 0,
    "12": 0.30813121795654297,
    "13": -0.09643851220607758,
    "14": -1.4730110168457031,
    "15": 1
  },
  "cameraPosition": [
    -1.1447048979691772,
    -0.6889376939154772,
    0.6994240146764241
  ],
  "timer": {
    "running": false,
    "elapsed": 970
  },
  "mouse": [
    470,
    225,
    false,
    0
  ],
  "r": [
    365,
    224
  ],
  "debugPlane": {},
  "controls": {
    "closed": true,
    "transformX": {
      "type": "range",
      "controller": 11,
      "step": 0.01,
      "min": -2,
      "max": 2,
      "value": -0.27
    },
    "transformY": {
      "type": "range",
      "controller": 12,
      "step": 0.01,
      "min": -2,
      "max": 2,
      "value": -0.03
    },
    "transformZ": {
      "type": "range",
      "controller": 13,
      "step": 0.01,
      "min": -2,
      "max": 2,
      "value": 0.03
    },
    "rotateX": {
      "type": "range",
      "controller": 14,
      "loop": true,
      "step": 0.01,
      "min": -1,
      "max": 1,
      "value": -0.6
    },
    "rotateY": {
      "type": "range",
      "controller": 15,
      "loop": true,
      "step": 0.01,
      "min": -1,
      "max": 1,
      "value": -0.13
    },
    "rotateZ": {
      "type": "range",
      "controller": 16,
      "loop": true,
      "step": 0.01,
      "min": -1,
      "max": 1,
      "value": 0.9500000000000001
    },
    "scale": {
      "type": "range",
      "controller": 17,
      "step": 0.01,
      "min": 0,
      "max": 2,
      "value": 0.8
    },
    "iterations": {
      "type": "range",
      "controller": 18,
      "step": 1,
      "min": 1,
      "max": 20,
      "value": 14
    }
  }
}