{
  "id": "face-fract17",
  "camera": {
    "rotation": [
      0.01279574166983366,
      -0.13045604526996613,
      0.1391974240541458,
      -0.9815009236335754
    ],
    "position": [
      -0.4678106127951196,
      -0.003923479175455213,
      0.2470020529112844
    ]
  },
  "view": {
    "0": 0.9272105693817139,
    "1": -0.27658337354660034,
    "2": -0.25252318382263184,
    "3": 0,
    "4": 0.269906222820282,
    "5": 0.9609206914901733,
    "6": -0.061436355113983154,
    "7": 0,
    "8": 0.2596477270126343,
    "9": -0.011200225912034512,
    "10": 0.9656350016593933,
    "11": 0,
    "12": 0.3706843852996826,
    "13": -0.12285200506448746,
    "14": -0.3568878769874573,
    "15": 1
  },
  "cameraMatrix": {
    "0": 0.9272105693817139,
    "1": -0.27658337354660034,
    "2": -0.25252318382263184,
    "3": 0,
    "4": 0.269906222820282,
    "5": 0.9609206914901733,
    "6": -0.061436355113983154,
    "7": 0,
    "8": 0.2596477270126343,
    "9": -0.011200225912034512,
    "10": 0.9656350016593933,
    "11": 0,
    "12": 0.3706843852996826,
    "13": -0.12285200506448746,
    "14": -0.3568878769874573,
    "15": 1
  },
  "cameraPosition": [
    -0.4678106127951196,
    -0.003923479175455213,
    0.2470020529112844
  ],
  "timer": {
    "running": false,
    "elapsed": 1500
  },
  "mouse": [
    259,
    278,
    false,
    0
  ],
  "r": [
    830,
    484
  ],
  "debugPlane": {},
  "controls": {
    "closed": true,
    "transformX": {
      "type": "range",
      "controller": 11,
      "step": 0.01,
      "min": -2,
      "max": 2,
      "value": -0.29
    },
    "transformY": {
      "type": "range",
      "controller": 12,
      "step": 0.01,
      "min": -2,
      "max": 2,
      "value": 0.17
    },
    "transformZ": {
      "type": "range",
      "controller": 13,
      "step": 0.01,
      "min": -2,
      "max": 2,
      "value": 0.12
    },
    "rotateX": {
      "type": "range",
      "controller": 14,
      "loop": true,
      "step": 0.01,
      "min": -1,
      "max": 1,
      "value": 0.32
    },
    "rotateY": {
      "type": "range",
      "controller": 15,
      "loop": true,
      "step": 0.01,
      "min": -1,
      "max": 1,
      "value": -0.76
    },
    "rotateZ": {
      "type": "range",
      "controller": 16,
      "loop": true,
      "step": 0.01,
      "min": -1,
      "max": 1,
      "value": -0.09
    },
    "scale": {
      "type": "range",
      "controller": 17,
      "step": 0.01,
      "min": 0,
      "max": 2,
      "value": 0.8200000000000001
    },
    "iterations": {
      "type": "range",
      "controller": 18,
      "step": 1,
      "min": 1,
      "max": 20,
      "value": 20
    },
    "time": {
      "type": "range",
      "controller": 10,
      "min": 0,
      "max": 1,
      "value": 0.5019607843137255,
      "step": 0.00392156862745098
    }
  }
}