{
  "id": "face-fract17",
  "camera": {
    "rotation": [
      -0.08028986304998398,
      0.06830372661352158,
      -0.17133109271526337,
      0.9795125126838684
    ],
    "position": [
      -0.47086560518914666,
      -0.35059508793460736,
      3.219738492526176
    ]
  },
  "view": {
    "0": 0.9319605231285095,
    "1": -0.34661009907722473,
    "2": -0.10629641264677048,
    "3": 0,
    "4": 0.32467371225357056,
    "5": 0.9283983707427979,
    "6": -0.18069495260715485,
    "7": 0,
    "8": 0.1613210141658783,
    "9": 0.1338847428560257,
    "10": 0.977776288986206,
    "11": 0,
    "12": 0.033245690166950226,
    "13": -0.26878872513771057,
    "14": -3.2615859508514404,
    "15": 1
  },
  "cameraMatrix": {
    "0": 0.9319605231285095,
    "1": -0.34661009907722473,
    "2": -0.10629641264677048,
    "3": 0,
    "4": 0.32467371225357056,
    "5": 0.9283983707427979,
    "6": -0.18069495260715485,
    "7": 0,
    "8": 0.1613210141658783,
    "9": 0.1338847428560257,
    "10": 0.977776288986206,
    "11": 0,
    "12": 0.033245690166950226,
    "13": -0.26878872513771057,
    "14": -3.2615859508514404,
    "15": 1
  },
  "cameraPosition": [
    -0.47086560518914666,
    -0.35059508793460736,
    3.219738492526176
  ],
  "timer": {
    "running": false,
    "elapsed": 1500
  },
  "mouse": [
    364,
    168,
    false,
    0
  ],
  "r": [
    319,
    186
  ],
  "debugPlane": {},
  "controls": {
    "closed": true,
    "transformX": {
      "type": "range",
      "controller": 11,
      "step": 0.01,
      "min": -2,
      "max": 2,
      "value": -0.27
    },
    "transformY": {
      "type": "range",
      "controller": 12,
      "step": 0.01,
      "min": -2,
      "max": 2,
      "value": 0.21
    },
    "transformZ": {
      "type": "range",
      "controller": 13,
      "step": 0.01,
      "min": -2,
      "max": 2,
      "value": 0.19
    },
    "rotateX": {
      "type": "range",
      "controller": 14,
      "loop": true,
      "step": 0.01,
      "min": -1,
      "max": 1,
      "value": 0.4
    },
    "rotateY": {
      "type": "range",
      "controller": 15,
      "loop": true,
      "step": 0.01,
      "min": -1,
      "max": 1,
      "value": -0.6
    },
    "rotateZ": {
      "type": "range",
      "controller": 16,
      "loop": true,
      "step": 0.01,
      "min": -1,
      "max": 1,
      "value": -0.13
    },
    "scale": {
      "type": "range",
      "controller": 17,
      "step": 0.01,
      "min": 0,
      "max": 2,
      "value": 0.84
    },
    "iterations": {
      "type": "range",
      "controller": 18,
      "step": 1,
      "min": 1,
      "max": 20,
      "value": 13
    },
    "time": {
      "type": "range",
      "controller": 10,
      "min": 0,
      "max": 1,
      "value": 0.5019607843137255,
      "step": 0.00392156862745098
    }
  }
}