{
  "id": "bloom-skull-05",
  "camera": {
    "rotation": [
      0.3458896577358246,
      0.7183401584625244,
      0.5791596174240112,
      0.16927951574325562
    ],
    "position": [
      1.135612430491733,
      5.814688710471955,
      -1.8242414485103495
    ]
  },
  "view": {
    "0": -0.7028768658638,
    "1": 0.6930125951766968,
    "2": 0.1574500948190689,
    "3": 0,
    "4": 0.3008531332015991,
    "5": 0.08986896276473999,
    "6": 0.9491713047027588,
    "7": 0,
    "8": 0.6438512206077576,
    "9": 0.7149631381034851,
    "10": -0.27130448818206787,
    "11": 0,
    "12": 0.22336849570274353,
    "13": -0.0052884421311318874,
    "14": -6.1928629875183105,
    "15": 1
  },
  "cameraMatrix": {
    "0": -0.7028768658638,
    "1": 0.6930125951766968,
    "2": 0.1574500948190689,
    "3": 0,
    "4": 0.3008531332015991,
    "5": 0.08986896276473999,
    "6": 0.9491713047027588,
    "7": 0,
    "8": 0.6438512206077576,
    "9": 0.7149631381034851,
    "10": -0.27130448818206787,
    "11": 0,
    "12": 0.22336849570274353,
    "13": -0.0052884421311318874,
    "14": -6.1928629875183105,
    "15": 1
  },
  "cameraPosition": [
    1.135612430491733,
    5.814688710471955,
    -1.8242414485103495
  ],
  "timer": {
    "running": true,
    "elapsed": 0
  },
  "mouse": [
    699,
    332,
    false,
    0
  ],
  "r": [
    191,
    118
  ],
  "debugPlane": {}
}