{
  "id": "bloom-skull-02",
  "camera": {
    "rotation": [
      0.3832419514656067,
      0.06730841100215912,
      0.24761025607585907,
      0.8871894478797913
    ],
    "position": [
      0.2772880594235403,
      3.5924152075485836,
      2.119991534178041
    ]
  },
  "view": {
    "0": 0.8683174848556519,
    "1": 0.4909452199935913,
    "2": 0.07035864889621735,
    "3": 0,
    "4": -0.3877635896205902,
    "5": 0.5836295485496521,
    "6": 0.713348925113678,
    "7": 0,
    "8": 0.3092198967933655,
    "9": -0.646683931350708,
    "10": 0.6971903443336487,
    "11": 0,
    "12": 0.49669015407562256,
    "13": -0.8618083596229553,
    "14": -4.060192584991455,
    "15": 1
  },
  "cameraMatrix": {
    "0": 0.8683174848556519,
    "1": 0.4909452199935913,
    "2": 0.07035864889621735,
    "3": 0,
    "4": -0.3877635896205902,
    "5": 0.5836295485496521,
    "6": 0.713348925113678,
    "7": 0,
    "8": 0.3092198967933655,
    "9": -0.646683931350708,
    "10": 0.6971903443336487,
    "11": 0,
    "12": 0.49669015407562256,
    "13": -0.8618083596229553,
    "14": -4.060192584991455,
    "15": 1
  },
  "cameraPosition": [
    0.2772880594235403,
    3.5924152075485836,
    2.119991534178041
  ],
  "timer": {
    "running": false,
    "elapsed": 0
  },
  "mouse": [
    159,
    296,
    false,
    0
  ],
  "r": [
    267,
    200
  ],
  "debugPlane": {}
}