{
  "id": "bloom-skull-04",
  "camera": {
    "rotation": [
      -0.18465028703212738,
      0.35487011075019836,
      0.5164992213249207,
      -0.7569609880447388
    ],
    "position": [
      1.2790680640961227,
      3.0611662384744704,
      2.6066599836175897
    ]
  },
  "view": {
    "0": 0.21459151804447174,
    "1": -0.9129932522773743,
    "2": 0.3465022146701813,
    "3": 0,
    "4": 0.6508857607841492,
    "5": 0.39826565980911255,
    "6": 0.646126389503479,
    "7": 0,
    "8": -0.727989137172699,
    "9": 0.08703414350748062,
    "10": 0.6799429655075073,
    "11": 0,
    "12": -0.3693266212940216,
    "13": -0.2782452702522278,
    "14": -4.193480491638184,
    "15": 1
  },
  "cameraMatrix": {
    "0": 0.21459151804447174,
    "1": -0.9129932522773743,
    "2": 0.3465022146701813,
    "3": 0,
    "4": 0.6508857607841492,
    "5": 0.39826565980911255,
    "6": 0.646126389503479,
    "7": 0,
    "8": -0.727989137172699,
    "9": 0.08703414350748062,
    "10": 0.6799429655075073,
    "11": 0,
    "12": -0.3693266212940216,
    "13": -0.2782452702522278,
    "14": -4.193480491638184,
    "15": 1
  },
  "cameraPosition": [
    1.2790680640961227,
    3.0611662384744704,
    2.6066599836175897
  ],
  "timer": {
    "running": false,
    "elapsed": 0
  },
  "mouse": [
    327,
    123,
    false,
    0
  ],
  "r": [
    142,
    72
  ],
  "debugPlane": {}
}