{
  "id": "bloom-skull-03",
  "camera": {
    "rotation": [
      0.5053231120109558,
      0.2422378957271576,
      0.01652899570763111,
      0.827949583530426
    ],
    "position": [
      -1.1854929969671275,
      3.3480780574482196,
      1.1285851552474355
    ]
  },
  "view": {
    "0": 0.882095217704773,
    "1": 0.27218717336654663,
    "2": -0.3844165503978729,
    "3": 0,
    "4": 0.2174464613199234,
    "5": 0.488750696182251,
    "6": 0.8447720408439636,
    "7": 0,
    "8": 0.41782650351524353,
    "9": -0.8287562131881714,
    "10": 0.37193870544433594,
    "11": 0,
    "12": -0.15386278927326202,
    "13": -0.3783775568008423,
    "14": -3.703850269317627,
    "15": 1
  },
  "cameraMatrix": {
    "0": 0.882095217704773,
    "1": 0.27218717336654663,
    "2": -0.3844165503978729,
    "3": 0,
    "4": 0.2174464613199234,
    "5": 0.488750696182251,
    "6": 0.8447720408439636,
    "7": 0,
    "8": 0.41782650351524353,
    "9": -0.8287562131881714,
    "10": 0.37193870544433594,
    "11": 0,
    "12": -0.15386278927326202,
    "13": -0.3783775568008423,
    "14": -3.703850269317627,
    "15": 1
  },
  "cameraPosition": [
    -1.1854929969671275,
    3.3480780574482196,
    1.1285851552474355
  ],
  "timer": {
    "running": false,
    "elapsed": 0
  },
  "mouse": [
    327,
    82,
    false,
    0
  ],
  "r": [
    125,
    95
  ],
  "debugPlane": {}
}