{
  "id": "bloom-skull-06",
  "camera": {
    "rotation": [
      0.3263933062553406,
      0.7093720436096191,
      0.5939574241638184,
      0.19289030134677887
    ],
    "position": [
      1.135612430491733,
      5.814688710471955,
      -1.8242414485103495
    ]
  },
  "view": {
    "0": -0.7119882106781006,
    "1": 0.6922058463096619,
    "2": 0.11406548321247101,
    "3": 0,
    "4": 0.23393131792545319,
    "5": 0.0813639760017395,
    "6": 0.9685897827148438,
    "7": 0,
    "8": 0.6613894104957581,
    "9": 0.7167573571205139,
    "10": -0.21948257088661194,
    "11": 0,
    "12": 0.6548388600349426,
    "13": 0.048354651778936386,
    "14": -6.161971569061279,
    "15": 1
  },
  "cameraMatrix": {
    "0": -0.7119882106781006,
    "1": 0.6922058463096619,
    "2": 0.11406548321247101,
    "3": 0,
    "4": 0.23393131792545319,
    "5": 0.0813639760017395,
    "6": 0.9685897827148438,
    "7": 0,
    "8": 0.6613894104957581,
    "9": 0.7167573571205139,
    "10": -0.21948257088661194,
    "11": 0,
    "12": 0.6548388600349426,
    "13": 0.048354651778936386,
    "14": -6.161971569061279,
    "15": 1
  },
  "cameraPosition": [
    1.135612430491733,
    5.814688710471955,
    -1.8242414485103495
  ],
  "timer": {
    "running": false,
    "elapsed": 2570
  },
  "mouse": [
    420,
    260,
    false,
    0
  ],
  "r": [
    184,
    114
  ],
  "debugPlane": {}
}