{
  "id": "nova-2020-06",
  "camera": {
    "rotation": [
      -0.023952780291438103,
      0.2867269814014435,
      0.006111892405897379,
      0.9576619267463684
    ],
    "position": [
      -6.255694490049342,
      0.2523404180715261,
      6.492814932784313
    ]
  },
  "view": {
    "0": 0.8355005383491516,
    "1": -0.002029563533142209,
    "2": -0.5494678020477295,
    "3": 0,
    "4": -0.02544206939637661,
    "5": 0.9987778067588806,
    "6": -0.0423724427819252,
    "7": 0,
    "8": 0.548882246017456,
    "9": 0.04938222095370293,
    "10": 0.8344278335571289,
    "11": 0,
    "12": 1.6692651510238647,
    "13": -0.5853579640388489,
    "14": -8.844395637512207,
    "15": 1
  },
  "cameraMatrix": {
    "0": 0.8355005383491516,
    "1": -0.002029563533142209,
    "2": -0.5494678020477295,
    "3": 0,
    "4": -0.02544206939637661,
    "5": 0.9987778067588806,
    "6": -0.0423724427819252,
    "7": 0,
    "8": 0.548882246017456,
    "9": 0.04938222095370293,
    "10": 0.8344278335571289,
    "11": 0,
    "12": 1.6692651510238647,
    "13": -0.5853579640388489,
    "14": -8.844395637512207,
    "15": 1
  },
  "cameraPosition": [
    -6.255694490049342,
    0.2523404180715261,
    6.492814932784313
  ],
  "timer": {
    "running": false,
    "elapsed": 1770
  },
  "mouse": [
    291,
    158,
    false,
    0
  ],
  "r": [
    512,
    321
  ],
  "debugPlane": {},
  "fov": 4
}