{
  "id": "nova-2020-07",
  "camera": {
    "rotation": [
      0.1928144097328186,
      0.3603118062019348,
      0.08414332568645477,
      0.9087358713150024
    ],
    "position": [
      -30.543197377767633,
      3.3800835339333055,
      -14.081966128340092
    ]
  },
  "view": {
    "0": 0.7261906266212463,
    "1": 0.2918747365474701,
    "2": -0.6224084496498108,
    "3": 0,
    "4": -0.013981500640511513,
    "5": 0.9114850163459778,
    "6": 0.41107040643692017,
    "7": 0,
    "8": 0.6873046159744263,
    "9": -0.2897990643978119,
    "10": 0.6659960150718689,
    "11": 0,
    "12": 31.906042098999023,
    "13": 1.7529515027999878,
    "14": -11.021263122558594,
    "15": 1
  },
  "cameraMatrix": {
    "0": 0.7261906266212463,
    "1": 0.2918747365474701,
    "2": -0.6224084496498108,
    "3": 0,
    "4": -0.013981500640511513,
    "5": 0.9114850163459778,
    "6": 0.41107040643692017,
    "7": 0,
    "8": 0.6873046159744263,
    "9": -0.2897990643978119,
    "10": 0.6659960150718689,
    "11": 0,
    "12": 31.906042098999023,
    "13": 1.7529515027999878,
    "14": -11.021263122558594,
    "15": 1
  },
  "cameraPosition": [
    -30.543197377767633,
    3.3800835339333055,
    -14.081966128340092
  ],
  "timer": {
    "running": false,
    "elapsed": 1770
  },
  "mouse": [
    312,
    168,
    false,
    0
  ],
  "r": [
    512,
    321
  ],
  "debugPlane": {},
  "fov": 4
}