{
  "id": "stereo-mirrored-2",
  "camera": {
    "rotation": [
      0.0035223078448325396,
      -0.8052485585212708,
      -0.003968256525695324,
      -0.5927757620811462
    ],
    "position": [
      0.6743489164837229,
      -0.014990908762229083,
      0.18380467033512105
    ]
  },
  "view": {
    "0": -0.2968819737434387,
    "1": -0.0009680940420366824,
    "2": -0.9546915888786316,
    "3": 0,
    "4": -0.010377239435911179,
    "5": 0.9999436736106873,
    "6": 0.0022149882279336452,
    "7": 0,
    "8": 0.9546356797218323,
    "9": 0.010566743090748787,
    "10": -0.2968752980232239,
    "11": 0,
    "12": 0.024579964578151703,
    "13": 0.013700680807232857,
    "14": 0.6983954906463623,
    "15": 1
  },
  "cameraMatrix": {
    "0": -0.2968819737434387,
    "1": -0.0009680940420366824,
    "2": -0.9546915888786316,
    "3": 0,
    "4": -0.010377239435911179,
    "5": 0.9999436736106873,
    "6": 0.0022149882279336452,
    "7": 0,
    "8": 0.9546356797218323,
    "9": 0.010566743090748787,
    "10": -0.2968752980232239,
    "11": 0,
    "12": 0.024579964578151703,
    "13": 0.013700680807232857,
    "14": 0.6983954906463623,
    "15": 1
  },
  "cameraPosition": [
    0.6743489164837229,
    -0.014990908762229083,
    0.18380467033512105
  ],
  "timer": {
    "running": true,
    "elapsed": 91503.30000001006
  },
  "mouse": [
    341,
    201,
    false,
    0
  ],
  "r": [
    346,
    193
  ]
}