{
  "id": "stereo02",
  "camera": {
    "rotation": [
      0.08079586923122406,
      5.223188877105713,
      0
    ],
    "position": [
      0,
      0,
      5
    ]
  },
  "view": {
    "0": -0.48887521028518677,
    "1": 0.07040591537952423,
    "2": -0.869507908821106,
    "3": 0,
    "4": 5.986994307315905e-17,
    "5": -0.9967377781867981,
    "6": -0.08070798963308334,
    "7": 0,
    "8": -0.872353732585907,
    "9": -0.03945613279938698,
    "10": 0.48728036880493164,
    "11": 0,
    "12": 4.36176872253418,
    "13": 0.1972806602716446,
    "14": -2.436401844024658,
    "15": 1
  },
  "cameraMatrix": {
    "0": 0.5198131799697876,
    "1": -0.5597428679466248,
    "2": 0.6453542709350586,
    "3": 0,
    "4": 0.39838239550590515,
    "5": 0.827095627784729,
    "6": 0.3964898884296417,
    "7": 0,
    "8": -0.7557021379470825,
    "9": 0.05099715292453766,
    "10": 0.6529269218444824,
    "11": 0,
    "12": 0,
    "13": 0,
    "14": 5,
    "15": 1
  },
  "cameraPosition": [
    0,
    0,
    5
  ],
  "timer": {
    "running": true,
    "elapsed": 1451174.3000000226
  },
  "mouse": [
    0,
    0,
    false,
    0
  ],
  "r": [
    259,
    190
  ]
}