{
  "id": "stereo-subgrid-4",
  "camera": {
    "rotation": [
      0.42527681589126587,
      0.20938414335250854,
      0.7464702725410461,
      -0.4668305814266205
    ],
    "position": [
      0.6029044781789707,
      0,
      0.20233997322884534
    ]
  },
  "view": {
    "0": -0.20211917161941528,
    "1": -0.5188578367233276,
    "2": 0.8304068446159363,
    "3": 0,
    "4": 0.875042736530304,
    "5": -0.47615647315979004,
    "6": -0.0844663679599762,
    "7": 0,
    "8": 0.439419150352478,
    "9": 0.7096624970436096,
    "10": 0.5505958199501038,
    "11": 0,
    "12": -9.676580429077148,
    "13": 5.452689170837402,
    "14": 0.3251802921295166,
    "15": 1
  },
  "cameraMatrix": {
    "0": -0.20211917161941528,
    "1": -0.5188578367233276,
    "2": 0.8304068446159363,
    "3": 0,
    "4": 0.875042736530304,
    "5": -0.47615647315979004,
    "6": -0.0844663679599762,
    "7": 0,
    "8": 0.439419150352478,
    "9": 0.7096624970436096,
    "10": 0.5505958199501038,
    "11": 0,
    "12": -9.676580429077148,
    "13": 5.452689170837402,
    "14": 0.3251802921295166,
    "15": 1
  },
  "cameraPosition": [
    0.6029044781789707,
    11.096059639223313,
    0.20233997322884534
  ],
  "timer": {
    "running": false,
    "elapsed": 51538.29999999143
  },
  "mouse": [
    0,
    0,
    false,
    0
  ],
  "r": [
    346,
    189
  ]
}