{
  "id": "stereo03",
  "camera": {
    "rotation": [
      -0.6407970786094666,
      0.7668353915214539,
      0
    ],
    "position": [
      -0.6939460311142274,
      0,
      -0.17685818040896728
    ]
  },
  "view": {
    "0": -0.7201100587844849,
    "1": 0.41481342911720276,
    "2": 0.5562115907669067,
    "3": 0,
    "4": 8.818804782743833e-17,
    "5": -0.8016194701194763,
    "6": 0.597834587097168,
    "7": 0,
    "8": 0.693859875202179,
    "9": 0.43050670623779297,
    "10": 0.5772542357444763,
    "11": 0,
    "12": -0.3770027160644531,
    "13": 0.3639967739582062,
    "14": 0.4880729615688324,
    "15": 1
  },
  "cameraMatrix": {
    "0": 0.1892102211713791,
    "1": 0.30922064185142517,
    "2": -0.9319621920585632,
    "3": 0,
    "4": -0.14240582287311554,
    "5": -0.9304110407829285,
    "6": -0.3376208543777466,
    "7": 0,
    "8": -0.9715408086776733,
    "9": 0.1965956687927246,
    "10": -0.13198010623455048,
    "11": 0,
    "12": -0.43845850229263306,
    "13": 1.3993656635284424,
    "14": 2.9131064414978027,
    "15": 1
  },
  "cameraPosition": [
    -0.4384584894368373,
    1.3993656049638554,
    2.9131064496651637
  ],
  "timer": {
    "running": false,
    "elapsed": 906759.7999999585
  },
  "mouse": [
    490,
    269,
    false,
    0
  ],
  "r": [
    369,
    211
  ]
}