{
  "id": "stereo-down",
  "camera": {
    "rotation": [
      0.6907960176467896,
      2.5831902027130127,
      0
    ],
    "position": [
      0,
      0,
      5
    ]
  },
  "view": {
    "0": 0.8481026291847229,
    "1": -0.33758291602134705,
    "2": 0.4083622097969055,
    "3": 0,
    "4": -1.0386261750950577e-16,
    "5": -0.7707390785217285,
    "6": -0.6371508836746216,
    "7": 0,
    "8": 0.5298320055007935,
    "9": 0.5403693318367004,
    "10": -0.6536658406257629,
    "11": 0,
    "12": -2.6491599082946777,
    "13": -2.7018465995788574,
    "14": 3.26832914352417,
    "15": 1
  },
  "cameraMatrix": {
    "0": -0.5272225737571716,
    "1": -0.7710639238357544,
    "2": -0.35704681277275085,
    "3": 0,
    "4": -0.848637580871582,
    "5": 0.4566296339035034,
    "6": 0.2670179009437561,
    "7": 0,
    "8": -0.04285160079598427,
    "9": 0.44378456473350525,
    "10": -0.8950983881950378,
    "11": 0,
    "12": 0,
    "13": 0,
    "14": 5,
    "15": 1
  },
  "cameraPosition": [
    0,
    0,
    5
  ],
  "timer": {
    "running": false,
    "elapsed": 0
  },
  "mouse": [
    241,
    279,
    false,
    0
  ],
  "r": [
    369,
    211
  ]
}