{
  "id": "stereo01",
  "camera": {
    "rotation": [
      -1.550796389579773,
      0.7299981117248535,
      0
    ],
    "position": [
      0,
      0,
      5
    ]
  },
  "view": {
    "0": -0.7451756596565247,
    "1": 0.6667348742485046,
    "2": 0.01333643402904272,
    "3": 0,
    "4": 9.125770184573281e-17,
    "5": -0.01999860443174839,
    "6": 0.9998000264167786,
    "7": 0,
    "8": 0.6668682098388672,
    "9": 0.7450266480445862,
    "10": 0.01490247342735529,
    "11": 0,
    "12": -3.334341049194336,
    "13": -3.725133180618286,
    "14": -0.07451236993074417,
    "15": 1
  },
  "cameraMatrix": {
    "0": 0.7350605726242065,
    "1": 0.5979138016700745,
    "2": -0.31046220660209656,
    "3": 0,
    "4": -0.18925741314888,
    "5": 0.6289013028144836,
    "6": 0.7486943602561951,
    "7": 0,
    "8": 0.6465827822685242,
    "9": -0.48873376846313477,
    "10": 0.5777798891067505,
    "11": 0,
    "12": 0,
    "13": 0,
    "14": 5,
    "15": 1
  },
  "cameraPosition": [
    0,
    0,
    5
  ],
  "timer": {
    "running": true,
    "elapsed": 1064048.2000000281
  },
  "mouse": [
    0,
    0,
    false,
    0
  ],
  "r": [
    259,
    190
  ]
}