{
  "id": "stereo-subgrid",
  "camera": {
    "rotation": [
      0.08079586923122406,
      5.223188877105713,
      0
    ],
    "position": [
      0.7009364121904215,
      0,
      0.2171117025624158
    ]
  },
  "view": {
    "0": -0.48887521028518677,
    "1": 0.07040591537952423,
    "2": -0.869507908821106,
    "3": 0,
    "4": 5.986994307315905e-17,
    "5": -0.9967377781867981,
    "6": -0.08070798963308334,
    "7": 0,
    "8": -0.872353732585907,
    "9": -0.03945613279938698,
    "10": 0.48728036880493164,
    "11": 0,
    "12": 0.53206866979599,
    "13": -0.040783680975437164,
    "14": 0.5036754608154297,
    "15": 1
  },
  "cameraMatrix": {
    "0": 0.5198131799697876,
    "1": -0.5597428679466248,
    "2": 0.6453542709350586,
    "3": 0,
    "4": 0.39838239550590515,
    "5": 0.827095627784729,
    "6": 0.3964898884296417,
    "7": 0,
    "8": -0.7557021379470825,
    "9": 0.050997164100408554,
    "10": 0.6529269218444824,
    "11": 0,
    "12": 0.08703687787055969,
    "13": 0.35611969232559204,
    "14": 0.17960186302661896,
    "15": 1
  },
  "cameraPosition": [
    0.08703687841013971,
    0.3561196785163011,
    0.17960185840022258
  ],
  "timer": {
    "running": true,
    "elapsed": 1480313.2000000426
  },
  "mouse": [
    437,
    324,
    false,
    0
  ],
  "r": [
    365,
    211
  ]
}