{
  "id": "stereo-subgrid-3",
  "camera": {
    "rotation": [
      0.42527681589126587,
      0.20938414335250854,
      0.7464702725410461,
      -0.4668305814266205
    ],
    "position": [
      0.7133815615416097,
      11.084822258895656,
      0.2755513730671737
    ]
  },
  "view": {
    "0": -0.20211917161941528,
    "1": -0.5188578367233276,
    "2": 0.8304068446159363,
    "3": 0,
    "4": 0.875042736530304,
    "5": -0.47615647315979004,
    "6": -0.0844663679599762,
    "7": 0,
    "8": 0.439419150352478,
    "9": 0.7096624970436096,
    "10": 0.5505958199501038,
    "11": 0,
    "12": -9.67658805847168,
    "13": 5.452705383300781,
    "14": 0.1921803206205368,
    "15": 1
  },
  "cameraMatrix": {
    "0": -0.20211917161941528,
    "1": -0.5188578367233276,
    "2": 0.8304068446159363,
    "3": 0,
    "4": 0.875042736530304,
    "5": -0.47615647315979004,
    "6": -0.0844663679599762,
    "7": 0,
    "8": 0.439419150352478,
    "9": 0.7096624970436096,
    "10": 0.5505958199501038,
    "11": 0,
    "12": -9.67658805847168,
    "13": 5.452705383300781,
    "14": 0.1921803206205368,
    "15": 1
  },
  "cameraPosition": [
    0.7133815615416097,
    11.084822258895656,
    0.2755513730671737
  ],
  "timer": {
    "running": true,
    "elapsed": 422503.999999885
  },
  "mouse": [
    388,
    196,
    false,
    0
  ],
  "r": [
    365,
    189
  ]
}