{
    "id": "helix1",
    "timer": {
        "running": false,
        "elapsed": 490
    },
    "mouse": [
        237,
        347,
        false,
        0
    ],
    "cameraMatrix": {
        "0": 0.801808774471283,
        "1": -0.5146322250366211,
        "2": 0.30373725295066833,
        "3": 0,
        "4": 0.2718026340007782,
        "5": 0.766730785369873,
        "6": 0.5815902352333069,
        "7": 0,
        "8": -0.5321897864341736,
        "9": -0.3837675452232361,
        "10": 0.7546499371528625,
        "11": 0,
        "12": 0.06925918906927109,
        "13": 0.17982861399650574,
        "14": 0.2271726429462433,
        "15": 1
    },
    "showControls": true,
    "controls": {
        "zoom": [
            {
                "controller": 18,
                "step": 0.1
            },
            0.2,
            6,
            2.6000000000000014
        ],
        "rotate": [
            {
                "controller": 17,
                "step": 0.005
            },
            -2,
            2,
            0.010000000000003319
        ],
        "level1": {
            "enabled": [
                {
                    "note": "G#0"
                },
                true
            ],
            "lead": [
                {
                    "controller": 11,
                    "step": 0.01
                },
                0,
                1,
                0.32749999999999907
            ],
            "radius": [
                {
                    "controller": 12,
                    "step": 0.01
                },
                0,
                1,
                0.30200000000000016
            ]
        },
        "level2": {
            "enabled": [
                {
                    "note": "A#0"
                },
                true
            ],
            "lead": [
                {
                    "controller": 13,
                    "step": 0.0025
                },
                0,
                1,
                0.2575000000000016
            ],
            "radius": [
                {
                    "controller": 14,
                    "step": 0.002
                },
                0,
                1,
                0.5060000000000003
            ]
        },
        "level3": {
            "enabled": [
                {
                    "note": "C1"
                },
                true
            ],
            "lead": [
                {
                    "controller": 15,
                    "step": 0.0025
                },
                0,
                1,
                0.24999999999999994
            ],
            "radius": [
                {
                    "controller": 16,
                    "step": 0.002
                },
                0,
                1,
                0.7179999999999997
            ]
        }
    }
}